t,x,y,v,r,psi,sa,ux,ax,sr,jx
0.0,200.0,0.0,0.0,0.0,1.57079632679,0.0,5.0,0.0,0.0,0.0
0.0,200.0,0.0,0.0,0.0,1.57079632679,0.0,5.0,0.0,0.0,0.0
0.025,200.0000000000006,0.12500000000000044,0.0,0.0,1.57079632679,0.0,5.0,0.0,0.0,0.0
0.05,200.00000000000122,0.24999999999999997,0.0,0.0,1.57079632679,0.0,5.0,0.0,0.0,0.0
0.075,200.00000000000182,0.37500000000000006,0.0,0.0,1.57079632679,0.0,5.0,0.0,0.0,0.0
0.1,200.00000000000244,0.5000000000000002,0.0,0.0,1.57079632679,0.0,5.0,0.0,0.0,0.0
0.125,200.00000000000307,0.6250000000000002,0.0,0.0,1.57079632679,0.0,5.0,0.0,0.0,0.0
0.15,200.00000000000367,0.7500000000000002,0.0,0.0,1.57079632679,0.0,5.0,0.0,0.0,0.0
0.175,200.0000000000043,0.8749999999999996,0.0,0.0,1.57079632679,0.0,5.0,0.0,0.0,0.0
0.2,200.0000000000049,0.999999999999998,0.0,0.0,1.57079632679,0.0,5.0,0.0,0.0,0.0
0.225,200.0000000000055,1.1249999999999996,0.0,0.0,1.57079632679,0.0,5.0,0.0,0.0,0.0
0.25,200.0000000000061,1.249999999999998,0.0,0.0,1.57079632679,0.0,5.0,0.0,0.0,0.0
0.275,200.00000000000674,1.3749999999999958,0.0,0.0,1.57079632679,0.0,5.0,0.0,0.0,0.0
0.3,200.00000000000733,1.4999999999999942,0.0,0.0,1.57079632679,0.0,5.0,0.0,0.0,0.0
0.325,200.00000000000796,1.6250000000000004,0.0,0.0,1.57079632679,0.0,5.0,0.0,0.0,0.0
0.35,200.00000000000855,1.7499999999999927,0.0,0.0,1.57079632679,0.0,5.0,0.0,0.0,0.0
0.375,200.00000000000918,1.8749999999999996,0.0,0.0,1.57079632679,0.0,5.0,0.0,0.0,0.0
0.4,200.00000000000978,1.9999999999999996,0.0,0.0,1.57079632679,0.0,5.0,0.0,0.0,0.0
0.425,200.0000000000104,2.124999999999999,0.0,0.0,1.57079632679,0.0,5.0,0.0,0.0,0.0
0.45,200.000000000011,2.2500000000000004,0.0,0.0,1.57079632679,0.0,5.0,0.0,0.0,0.0
0.475,200.00000000001162,2.374999999999999,0.0,0.0,1.57079632679,0.0,5.0,0.0,0.0,0.0
0.5,200.00000000001222,2.499999999999999,0.0,0.0,1.57079632679,0.0,5.0,0.0,0.0,0.0
0.5,200.00000000001222,2.499999999999999,0.0,0.0,1.57079632679,0.0,5.0,0.0,0.05925534693458687,4.99999997911065
0.525,199.99998866734634,2.6250130208084075,0.000489375857502193,0.0005048820475735861,1.5708007343598,0.001448045270592896,5.001562499993625,0.12499999949614801,0.056588274712844916,4.999999980581199
0.55,199.9999188219589,2.7501041654215963,0.00169394020573909,0.0016968283751311968,1.5708272336361913,0.002829413735642253,5.006249999975114,0.2499999990290606,0.05392120249110296,4.999999982051747
0.575,199.99975269546985,2.875351551236064,0.0033302535021621947,0.003247894678710375,1.5708885326360833,0.004144105395148048,5.014062499945385,0.3749999985987357,0.051254130269361015,4.9999999835222955
0.6,199.99946701024308,3.0008332823001465,0.005217272092009752,0.004968136723095691,1.5709910174402646,0.005392120249110303,5.024999999905356,0.49999999820517516,0.04858705804761907,4.9999999849928445
0.625,199.99904731695372,3.1266274450572755,0.0072374398793901866,0.0067482370229654505,1.5711374246709138,0.0065734582975290065,5.039062499855949,0.6249999978483783,0.04591998582587711,4.999999986463392
0.65,199.99848458829322,3.25281210697703,0.009313074993701315,0.008525731664207848,1.5713284031272057,0.00768811954040416,5.056249999798082,0.7499999975283449,0.04325291360413516,4.999999987933941
0.675,199.9977732171724,3.379465317068627,0.0113922621151428,0.010265744160465313,1.571563395473206,0.00873610397773576,5.076562499732672,0.8749999972450755,0.04058584138239321,4.99999998940449
0.7,199.99690966015166,3.5066651072194728,0.01343923544724774,0.011948450911513924,1.5718412116827167,0.009717411609523812,5.099999999660641,0.9999999969985691,0.03791876916065127,4.999999990875038
0.725,199.99589183120156,3.634489494231497,0.015429732461080333,0.01356380642916828,1.572160256027877,0.010632042435768312,5.126562499582906,1.1249999967888256,0.03525169693890932,4.999999992345586
0.75,199.9947184116377,3.7630164425721953,0.017346696288889445,0.015106537234105637,1.5725187936516243,0.011482284397013733,5.156260269234992,1.25093030320787,0.03258462471716737,4.999999993816135
0.775,199.99338877022936,3.89232438492345,0.01917556718967417,0.01657157775215098,1.5729149462460466,0.01225290619720862,5.189056948353149,1.3715976717869929,0.02894362268090857,4.603987376511755
0.8,199.99190314547928,4.022488142388091,0.02089620675010512,0.017946109349727218,1.5733466158809923,0.012930264944387088,5.224747861250606,1.4814547239630291,0.025258348747352437,4.189973225908439
0.825,199.99026285498013,4.153576377210255,0.02248967499803189,0.01921757549554786,1.5738114054071843,0.013515657738901446,5.263050469508757,1.5810288777281982,0.02157307481379633,3.7759590753051238
0.85,199.98847029088955,4.285651127077111,0.023944871755642947,0.02038120960360986,1.5743066123313578,0.014008918685076898,5.303713052188973,1.670252677728284,0.0178878008802402,3.3619449247018065
0.875,199.98652831553835,4.418768013624268,0.025251821105064503,0.021431544455867722,1.5748295006651671,0.014410047782913453,5.346476850447129,1.749126123963288,0.014202526946684068,2.9479307740984897
0.9,199.98444037922647,4.552976194511314,0.026402454086884467,0.022363818338622277,1.5753772400364687,0.014719045032411103,5.391083105439096,1.817649216433209,0.01051725301312794,2.5339166234951733
0.925,199.98221080566412,4.688318368451471,0.027391759945088932,0.02317628017590493,1.575946759144646,0.01493591043356985,5.437273058320747,1.8758219551380468,0.006831979079571813,2.119902472891856
0.95,199.9798443166224,4.824830777321144,0.02821452873954016,0.02386540633009424,1.5765349912783249,0.015060643986389694,5.484787950247954,1.9236443400778007,0.003146705146015701,1.705888322288541
0.975,199.9773460150057,4.962543207124969,0.0288651091693695,0.024425640476390096,1.5771388852439716,0.015093245690870635,5.533369022376594,1.9611163712524737,-0.000538568787540428,1.2918741716852242
1.0,199.97472190625422,5.101478994762969,0.029339848953033775,0.02485369662568604,1.5777551558291019,0.015033715547012673,5.582757515862537,1.988238048662063,-0.004223842721096557,0.8778600210819074
1.0,199.97472190625422,5.101478994762969,0.029339848953033775,0.02485369662568604,1.5777551558291019,0.015033715547012673,5.582757515862537,1.988238048662063,-0.02527635274287044,0.3815651871858213
1.025,199.97198226760167,5.2416539904203345,0.029485896342329312,0.024996221691167483,1.5783790151832284,0.014405840058622343,5.632575668994928,1.996932713723068,-0.024953686328356244,0.3140080176945746
1.05,199.96914776281196,5.383075225559719,0.029246754383643617,0.024805680172833487,1.5790021774559544,0.013786031230594865,5.682590077138379,2.0039384495467916,-0.024631019913842048,0.24645084820332736
1.075,199.96623659486974,5.5257471900621296,0.028738072899771986,0.0244052425257867,1.5796176807181717,0.013174289062930238,5.732758517061957,2.009255256133234,-0.02430835349932785,0.17889367871208073
1.1,199.96326092679556,5.669673307491029,0.028037500668534592,0.023867201958688355,1.5802213213657106,0.012570613555628466,5.78303876553473,2.012883133482396,-0.023985687084813655,0.11133650922083344
1.125,199.96022971515808,5.814855942817984,0.027200925329985075,0.023238984924215413,1.580810255459471,0.011975004708689554,5.833388599325766,2.0148220815942763,-0.023663020670299455,0.04377933972958678
1.15,199.95714935683287,5.961296398393165,0.026266545263450278,0.022548797234987466,1.5813827238839815,0.011387462522113501,5.883765795204133,2.0150721004688754,-0.02334035425578526,-0.02377782976165982
1.175,199.95402511207845,6.108994920599929,0.025263705533244685,0.021817288211591086,1.5819373960119893,0.010807825974705958,5.934128500377211,2.0135961208352477,-0.023017687841271065,-0.09133499925290714
1.2,199.95086117664246,6.257950697369782,0.024213560097631592,0.021057840331458102,1.5824733659923635,0.010235585706347772,5.9844349601366895,2.010276881059952,-0.02269502142675687,-0.15889216874415374
1.225,199.94766085959031,6.408161862327117,0.023129619820570334,0.020276866178385096,1.582990100301121,0.009674291350143359,6.034636862013712,2.005931555005403,-0.02237235501224267,-0.22644933823540106
1.25,199.9444272761308,6.559625511497352,0.0220259026485034,0.01948309187163038,1.5834871207712027,0.009121179079476367,6.084710314029326,1.99992387216006,-0.021883340803922714,-0.2557109810710302
1.275,199.94116301015978,6.712338137955132,0.020911854956839192,0.018681383491201183,1.583964170800985,0.0085817126586566,6.134628339216859,1.993511665447218,-0.021273972861658594,-0.25726555595634143
1.3,199.93787023531482,6.8662958514665515,0.01979634452938182,0.017876849119305097,1.5844211668581185,0.008057480436393441,6.184385573431919,1.987060594362243,-0.02066460491939447,-0.2588201308416527
1.325,199.93455101770834,7.02149469444042,0.018687648743137632,0.01707505409415446,1.5848580462140627,0.007548482412686877,6.233981045065203,1.9805706589051353,-0.020055236977130353,-0.260374705726964
1.35,199.93120705329525,7.17793067951211,0.01759143069917286,0.016279300975791503,1.5852749055572983,0.007054718587536918,6.283413782507409,1.9740418590758948,-0.01944586903486623,-0.26192928061227516
1.375,199.92783966969205,7.335599788502395,0.01651084191935913,0.015490559072986142,1.5856720102971198,0.006576188960943564,6.332682814149231,1.9674741948745214,-0.018836501092602112,-0.26348385549758646
1.4,199.92445028701295,7.494497978958323,0.015449463412521604,0.014710979625717147,1.5860495662461278,0.006112893532906813,6.381787168381367,1.9608676663010154,-0.018227133150337995,-0.2650384303828977
1.425,199.9210403909933,7.654621183499319,0.014411163531874664,0.013943676074117535,1.586407733800332,0.0056646950477485455,6.430725871752913,1.9542241947325438,-0.01761776520807387,-0.266593005268209
1.45,199.91761108586957,7.815965300259055,0.013397550445833387,0.013189272834593552,1.5867468599064682,0.005231569760011192,6.479497894946216,1.94754411257051,-0.017008397265809754,-0.26814758015352025
1.475,199.9141634607046,7.978526209654183,0.012409227744653186,0.012447615688371938,1.587067300412959,0.004812554052804916,6.5281026647305875,1.9408409090309195,-0.01647982739770347,-0.26857110110375004
1.5,199.91069872490573,8.142299786816068,0.011445650687460576,0.011717777266338048,1.5873693523014183,0.004402043737426068,6.576540559159816,1.9341930344945804,-0.01637410995661295,-0.26307531139565105
1.5,199.91069872490573,8.142299786816068,0.011445650687460576,0.011717777266338048,1.5873693523014183,0.004402043737426068,6.576540559159816,1.9341930344945804,-0.015392010662705935,-0.2498316773384314
1.525,199.90721799921087,8.307281955363642,0.010508146997069513,0.011000940435256804,1.5876533587964052,0.0040076464676588675,6.624817501619591,1.927969922150662,-0.01615977091867018,-0.24801731017503084
1.55,199.90372282989452,8.473468843466385,0.009587589534361653,0.010287694952919986,1.587919484297808,0.003594055191492559,6.672939433260508,1.9217921689858288,-0.016927531174634424,-0.24620294301163023
1.575,199.9002156088046,8.640856657848671,0.008668584140033913,0.009562408861284472,1.588167599122633,0.0031612699089271475,6.720907488062042,1.9156597750000806,-0.017695291430598666,-0.24438857584822968
1.6,199.89669948507398,8.809441645987063,0.0077390198191519865,0.008812919425437455,1.5883973456605731,0.002709290619962624,6.768722800003672,1.9095727401934175,-0.018463051686562912,-0.2425742086848291
1.625,199.89317867598885,8.979220102675471,0.006792112135963063,0.008032557195634296,1.5886079837702136,0.002238117324599002,6.816386503064872,1.9035310645658392,-0.019230811942527157,-0.24075984152142849
1.65,199.88965787430357,9.150188359797912,0.005822374233710291,0.007215772236699141,1.58879867772413,0.0017467262249988567,6.863899730782103,1.8975346605380143,-0.019998572198491396,-0.23894547435802793
1.675,199.88614228079547,9.322342786876654,0.004825689091584113,0.006358216551041356,1.5889684807984163,0.0012344379477562046,6.911263615956309,1.8915834699939098,-0.020766332454455645,-0.23713110719462732
1.7,199.88263773479298,9.49567979307013,0.0038016983931891428,0.005459084782169924,1.5891162928314733,0.0007099782404383691,6.958479296073574,1.8856782393652063,-0.021534092710419887,-0.23531674003122674
1.725,199.87915027301966,9.670195818675348,0.0027489265642840033,0.004516308830244051,1.5892410359522098,0.00016737606777423794,7.005547906317377,1.8798184578681736,-0.022429687025239575,-0.23351330825080213
1.75,199.8756861360498,9.845887335080194,0.0016629072489306057,0.0035246407838105155,1.589341652683625,-0.0004145843269624459,7.052470573713246,1.8740023106310393,-0.02421755105676371,-0.23178620441582004
1.775,199.8722527699402,10.022750861278578,0.00052905929087988,0.0024681313714663934,1.5894167199396163,-0.0010423714037755855,7.099248378196791,1.868229244318581,-0.02600541508828784,-0.23005910058083795
1.8,199.8688589841902,10.200782965380911,-0.000663135224096909,0.0013347925974625825,1.5894644163972975,-0.0017148550813768306,7.145882395742474,1.8624993556019973,-0.02779327911981199,-0.22833199674585586
1.825,199.86551448056088,10.379980255018005,-0.0019207836380568562,0.00011599401537858481,1.5894827375593428,-0.0024320353597661847,7.192373705790191,1.8568126444812882,-0.02958114315133612,-0.22660489291087377
1.85,199.86222994657848,10.560339377839288,-0.003248113836037273,-0.001194296377527017,1.5894694603131811,-0.003193912238943642,7.238723387779838,1.8511691109564536,-0.03136900718286027,-0.22487778907589168
1.875,199.8590169026371,10.741857015883504,-0.004647622145356394,-0.0026006712589946245,1.5894222238540776,-0.004000485718909199,7.284932521151313,1.8455687550274937,-0.033156871214384404,-0.22315068524090959
1.9,199.85588758651872,10.924529880761487,-0.00612099371035825,-0.00410701935827573,1.5893385842230043,-0.004851755799662859,7.331002185344511,1.8400115766944083,-0.034944735245908534,-0.22142358140592747
1.925,199.85285499082946,11.108354712550444,-0.0076689911693877755,-0.005716481245095699,1.58921600094398,-0.005748058248808077,7.376933466769254,1.8344981585978186,-0.036732599277432686,-0.21969647757094538
1.95,199.84993285212758,11.29332827663455,-0.009291406875658173,-0.007431545403395705,1.5890518626055457,-0.006688435117857843,7.422727441663605,1.829026838457934,-0.038488446042981184,-0.21802493168602152
1.975,199.84713555707995,11.479447354766666,-0.010987024721109927,-0.009253788456132726,1.5888435253304234,-0.007671238904917246,7.468385130059996,1.8235947574476428,-0.04014856268778663,-0.2165195014610469
2.0,199.84447817418007,11.66670874135954,-0.012753416187003791,-0.011183640340499332,1.5885882933075266,-0.008695682312550296,7.513907496798994,1.8182005494093332,-0.04180867933259205,-0.2150140712360723
2.0,199.84447817418007,11.66670874135954,-0.012753416187003791,-0.011183640340499332,1.5885882933075266,-0.008695682312550296,7.513907496798994,1.8182005494093332,-0.087266350950898,-0.21486291361701465
2.025,199.84198436523013,11.855109378784253,-0.014931618675138016,-0.01357875563088206,1.5882803748523568,-0.010877341100977789,7.559295520402469,1.8128475200186214,-0.08726635212330179,-0.21337943763993608
2.05,199.83970582439818,12.044646667733588,-0.01770579972316504,-0.01664400646974684,1.5879037890965984,-0.013058999918715387,7.6045501818574195,1.8075315775273364,-0.08726635329570559,-0.2118959616628575
2.075,199.83769310687384,12.235317911724653,-0.020888074751419166,-0.02019987259658424,1.587444115152861,-0.015240658765763101,7.649672408336332,1.8022527219354783,-0.08726635446810936,-0.2104124856857789
2.1,199.83598937150813,12.427120188402984,-0.024344659079848296,-0.024119460842384158,1.586890755905403,-0.01742231764212089,7.694663127011689,1.7970109532430474,-0.08726635564051315,-0.20892900970870032
2.125,199.83463265597024,12.620050376841624,-0.027980463538630998,-0.028313216895474655,1.5862358521395907,-0.019603976547788747,7.739523265055979,1.7918062714500436,-0.08726635681291693,-0.20744553373162172
2.15,199.8336577916565,12.814105176226272,-0.03172600848166355,-0.03271634147584578,1.5854733679632846,-0.021785635482766713,7.784253749641687,1.7866386765564664,-0.08726635798532072,-0.20596205775454315
2.175,199.83309728539066,13.00928111035038,-0.03553148805099898,-0.03728284179198116,1.5845986693438667,-0.023967294447054775,7.828855507941298,1.7815081685623162,-0.0872663591577245,-0.20447858177746456
2.2,199.83298211642972,13.205574527926597,-0.039361389645483295,-0.041980202962027924,1.5836081445546935,-0.026148953440652933,7.873329467127298,1.776414747467593,-0.08726636033012829,-0.20299510580038596
2.225,199.83334141584209,13.402981598539819,-0.04317450962207459,-0.04676835874308373,1.5824992942509852,-0.028222534750664177,7.917676551322916,1.7713579900618794,-0.07727559344706561,-0.20155075164597538
2.25,199.834201120575,13.601498261454061,-0.04680961877439513,-0.05148257658735681,1.5812710575849356,-0.02996961800047084,7.961897664592489,1.7663370410552526,-0.06192192450992324,-0.20012739752899744
2.275,199.83557526082478,13.801120206187731,-0.05008902809404085,-0.05593335518612818,1.579927070754813,-0.031327591024850165,8.005993699485312,1.7613516552711643,-0.04656825557278087,-0.19870404341201953
2.3,199.83746236748843,14.001842893866664,-0.05288749722552165,-0.05997372561745364,1.578477068784833,-0.03229898321363284,8.0499655441722,1.7564018426141923,-0.031214586635638496,-0.1972806892950416
2.325,199.83985451555617,14.203661718863987,-0.05511023725470892,-0.06348758440899686,1.5769325849869051,-0.03288742701780952,8.093814088288203,1.7514876173082783,-0.015860917698495836,-0.19585733517806364
2.35,199.84273518034811,14.406572095295916,-0.056696376376154906,-0.06638919533906597,1.575307836154773,-0.03309202909855765,8.137540221569722,1.746608975855289,-0.0005072487613534682,-0.1944339810610857
2.375,199.84608095360431,14.610569533965164,-0.057603312161515006,-0.06860966743946426,1.5736188181097248,-0.032918817530426345,8.181144834029213,1.7417658154394657,0.014846420175788907,-0.19301062694410775
2.4,199.8498611814186,14.81564971442911,-0.057810413345460346,-0.07009906341636635,1.5718834460875204,-0.032362223122065964,8.224628815911927,1.7369582310497853,0.03020008911293127,-0.19158727282712984
2.425,199.85404072221044,15.02180857551331,-0.05732519775931582,-0.07083629397642519,1.5701202429455055,-0.031456119032535354,8.26799304223703,1.7321856449404838,0.042598828345177184,-0.1902143184415685
2.45,199.85858092880244,15.229042353811618,-0.05618527042697816,-0.07083245361600997,1.5683478250976965,-0.030314808345385746,8.311238367198978,1.727446107540747,0.048149055291500015,-0.18895817332535858
2.475,199.86344171989916,15.437347593146127,-0.054485567055473104,-0.07016001634721755,1.566584158306182,-0.02904170412626922,8.354365601306782,1.7227378550215657,0.053699282237822735,-0.1877020282091487
2.5,199.86858678884795,15.646721135368274,-0.052336313310845144,-0.06891347989324369,1.5648446027827196,-0.027629844233494613,8.397375521646955,1.7180610061302897,0.05924950918414547,-0.1864458830929388
2.5,199.86858678884795,15.646721135368274,-0.052336313310845144,-0.06891347989324369,1.5648446027827196,-0.027629844233494613,8.397375521646955,1.7180610061302897,0.0872663888888889,-0.2575048643830812
2.525,199.87397667134985,15.857159945733143,-0.04961004201653667,-0.06694176677380126,1.5631446636582786,-0.0254481845112724,8.44024852073665,1.7118566893076819,0.0872663888888889,-0.2388404814255448
2.55,199.87955817439175,16.06866078902151,-0.04629452584229564,-0.06420366488804131,1.5615039072076338,-0.023266524789050197,8.482972244525454,1.7061189820590126,0.08726638888888888,-0.22017609846800834
2.575,199.8852816143347,16.281220804034522,-0.04259552226048509,-0.06088835798990702,1.5599392038478423,-0.021084865066827937,8.525558358252718,1.7008478843842814,0.0872663888888889,-0.20151171551047162
2.6,199.8911052288654,16.494837586004728,-0.03865723009362164,-0.057133641717916454,1.5584631251561856,-0.018903205344605732,8.568018527157786,1.6960433962834889,0.08726638888888891,-0.18284733255293525
2.625,199.8969922086403,16.709509127813163,-0.03458369368135511,-0.05304249425141949,1.5570853457604927,-0.016721545622383493,8.610364416480008,1.6917055177566347,0.0872663888888889,-0.16418294959539884
2.65,199.90290948862992,16.925233779637264,-0.030447331840292843,-0.04869026568831519,1.5558132329796235,-0.014539885900161283,8.652607691458734,1.687834248803719,0.0872663888888889,-0.14551856663786245
2.675,199.90882640011068,17.142010213555803,-0.026298654282023208,-0.04413266769765448,1.5546525103354587,-0.012358226177939077,8.69476001733331,1.6844295894247416,0.08726638888888888,-0.12685418368032603
2.7,199.91471333486498,17.3598374067993,-0.022176352142348858,-0.039413199899359715,1.5536079024685716,-0.010176566455716803,8.736833640689442,1.681554268338465,0.0872663888888889,-0.1081898007227893
2.725,199.92054215476116,17.57871466375218,-0.018103647577276193,-0.0345618716136517,1.5526829765943493,-0.007994906733494588,8.778838358729345,1.6788316060931845,0.0872663888888889,-0.11856185441051605
2.75,199.9262850506031,17.798641323523093,-0.014096876413937559,-0.02960166781638479,1.5518806945058419,-0.00581324701127241,8.820771238010181,1.6756757228345625,0.08726638888888888,-0.13482354737103283
2.775,199.93191409467428,18.019616473666137,-0.010168920282041236,-0.024551064793482312,1.5512036433794185,-0.0036315872890501696,8.862619343684594,1.6720988367967293,0.08726638888888891,-0.1510852403315496
2.8,199.9374016189251,18.24163888434706,-0.00632606085869803,-0.019422020459219952,1.5506538648918775,-0.0014499275668279589,8.904372906540559,1.6681184346264342,0.0872663888888889,-0.16734693329206637
2.825,199.94271968998788,18.46470701825165,-0.002571992344478212,-0.014223163711760642,1.5502331268537697,0.000731732155394303,8.946021877563217,1.663731490132126,0.0872663888888889,-0.18360862625258342
2.85,199.9478396855031,18.688819026009757,0.001088799585687084,-0.008962331225693948,1.5499431512997945,0.0029133918776164894,8.987556094916402,1.6589389373189025,0.0872663888888889,-0.1998703192131002
2.875,199.95273257693725,18.91397272010767,0.004653388388809269,-0.0036451990419850725,1.5497854821048924,0.005095051599838703,9.028965146568249,1.6537582795025405,0.08726638888888888,-0.21613201217361697
2.9,199.95736911310286,19.14016557009611,0.008122033168919771,0.001725649410440757,1.549761392623549,0.007276711322060928,9.070239360780075,1.6481930992086862,0.0872663888888889,-0.23239370513413374
2.925,199.9617193049071,19.367394782115024,0.011493899691288199,0.00714760457238162,1.5498721670411124,0.009458371044283095,9.111373212140872,1.6424611986703992,0.0872663888888889,-0.22562473955501625
2.95,199.9657524030499,19.595657319068767,0.014766848776508969,0.012617780386258218,1.5501191201835336,0.011640030766505369,9.152366361057025,1.6370284052390554,0.0872663888888889,-0.20713559784694788
2.975,199.96943722999347,19.824950152574043,0.017940078441253865,0.018134677628903223,1.5505034314408048,0.013821690488727579,9.193229267265934,1.6320811295642326,0.0872663888888889,-0.18864645613887984
3.0,199.97274202688357,20.055270442103293,0.021012916707174797,0.02369716306345057,1.5510262331516385,0.016003350210949795,9.23397426943976,1.6275960824321114,0.0872663888888889,-0.17015731443081178
3.0,199.97274202688357,20.055270442103293,0.021012916707174797,0.02369716306345057,1.5510262331516385,0.016003350210949795,9.23397426943976,1.6275960824321114,0.0872663888888889,-0.020157348353965945
3.025,199.9756343827725,20.286615834957853,0.023983583950527056,0.029303461420467566,1.5516886592773336,0.01818500993317201,9.27465461675857,1.6267014802474542,0.08726638888888888,-0.051410826418604866
3.05,199.9780813958748,20.518985269919014,0.026851118491652635,0.03495245411886956,1.5524917699990695,0.020366669655394232,9.315302832310868,1.6250255411111811,0.08726638888888891,-0.0826643044832438
3.075,199.98004950490068,20.752377432434294,0.029614795837308285,0.04064359312587623,1.5534366255595407,0.022548329377616454,9.355899382672865,1.622568265023292,0.0872663888888889,-0.11391778254788326
3.1,199.98150446442475,20.986790320597695,0.03227335047415617,0.04637634977495389,1.5545242967957518,0.024729989099838676,9.39642473442077,1.619329651983787,0.0872663888888889,-0.1451712606125222
3.125,199.98241146146339,21.22222122458185,0.034826008541877826,0.05215085308855637,1.5557558016203485,0.026911648822060902,9.43685935413079,1.615309701992666,0.0872663888888889,-0.17642473867716107
3.15,199.98273499527758,21.4586667068129,0.03727143563279432,0.05796710234849477,1.5571321792814723,0.029093308544283093,9.477183708379139,1.6105084150499291,0.08726638888888888,-0.20767821674180004
3.175,199.9824388404988,21.696122626637802,0.039607408886857196,0.06382475404904754,1.5586545156602805,0.031274968266505346,9.517376526576019,1.6047690961488854,0.0872663888888889,-0.23893169480643894
3.2,199.98148624655693,21.934583884121903,0.04183262045007716,0.06972421747854411,1.5603238301965952,0.033456627988727596,9.557417444696469,1.5984075475218635,0.08726638888888891,-0.26617549475042923
3.225,199.9798398939194,22.174044799393027,0.04394585222449873,0.07566570492283944,1.5621411090866228,0.03563828771094982,9.59730067875348,1.5922398094087928,0.0872663888888889,-0.23656732884701548
3.25,199.97746174125913,22.414499563245144,0.04594438949149919,0.08164814699878101,1.5641074009347526,0.03781994743317195,9.637034831157225,1.5867108982289946,0.0872663888888889,-0.2069591629436017
3.275,199.97431304805022,22.655942275160143,0.04782420933481451,0.08766936375602828,1.5662238062110232,0.040001607155394206,9.67664069291435,1.5819113731441425,0.08726638888888888,-0.1773509970401879
3.3,199.97035474905314,22.898367195728824,0.049583329885850264,0.09372848922372598,1.568491275308456,0.04218326687761642,9.716136139240328,1.5778477002919307,0.0872663888888889,-0.1477428311367741
3.325,199.96554737770697,23.141768676247796,0.05122114335129778,0.09982550300117791,1.5709106450275157,0.04436492659983867,9.755539246296845,1.5745242315873038,0.0872663888888889,-0.11813466523335979
3.35,199.95985074941981,23.38614111315448,0.05273546602883699,0.10595945933773246,1.573482821860399,0.04654658632206082,9.794868519187588,1.5719409670302626,0.08726638888888891,-0.08852649932994601
3.375,199.95322395222777,23.63147895297425,0.054122446772258366,0.11212844390432133,1.5762087879508586,0.048728246044283,9.834142463016253,1.5700979066208065,0.08726638888888891,-0.05891833342653224
3.4,199.94562540500814,23.877776501682163,0.05537706122909131,0.11832968281595893,1.5790895898279615,0.050909905766505316,9.873378969198864,1.56882868984901,0.0872663888888889,-0.03686639147765859
3.425,199.93701358106378,24.125028258022933,0.056499786519700286,0.1245647352548756,1.5821258947596668,0.05309156548872753,9.912582795475736,1.5675153130582424,0.0872663888888889,-0.06460499983223701
3.45,199.92734639600118,24.37322822396317,0.05749127894334916,0.13083612277845302,1.585318345538674,0.05527322521094979,9.951747234572835,1.56567062975508,0.08726638888888888,-0.09234360818681592
3.475,199.91658079549723,24.62236932034696,0.05834863585781135,0.1371443733926872,1.588667834244964,0.05745488493317198,9.99085856684104,1.5630550412168636,0.0872663888888889,-0.12008221654139431
3.5,199.90467275523548,24.87244338676128,0.05906539508906928,0.14348802101814806,1.5921755022936899,0.05963654465539421,10.02989606111011,1.5596764799657052,0.0872663888888889,-0.14782082489597276
3.5,199.90467275523548,24.87244338676128,0.05906539508906928,0.14348802101814806,1.5921755022936899,0.05963654465539421,10.02989606111011,1.5596764799657052,0.0872663888888889,-0.06025203917762336
3.525,199.89157794211002,25.12344157120842,0.05963645562704363,0.1498646040988147,1.595842353371259,0.061818204377616426,10.068866956324808,1.5579076163220056,0.0872663888888889,-0.08125705231834078
3.55,199.8772520793008,25.375355101938805,0.0600613755759547,0.15627444301391705,1.5996690294146074,0.06399986409983863,10.107787065881805,1.5556136273497883,0.0872663888888889,-0.1022620654590582
3.575,199.8616500477007,25.628174402483403,0.06033733040474929,0.16271834015421255,1.6036563566102657,0.06618152382206088,10.146643261647892,1.5527945130490528,0.0872663888888889,-0.12326707859977598
3.6,199.8447260502544,25.881888921707276,0.06045595819641643,0.16919192202587724,1.607805244992385,0.06836835864879746,10.185422728565692,1.5494399095034452,0.0872663888888889,-0.1442720917404934
3.625,199.82643340259912,26.13648708470325,0.06038220831239251,0.17566402505988715,1.6121167585696496,0.07060684312545541,10.22411447209671,1.5454567445247884,0.0872663888888889,-0.1652771048812108
3.65,199.80672711511195,26.391956473404957,0.0602111748410682,0.18223341189913445,1.616591080503071,0.07279629354976264,10.262698734986092,1.5410466521990571,0.08726638888888891,-0.18628211802192826
3.675,199.78555957671549,26.64828342994748,0.05993432648034194,0.18889641701239399,1.6212292592721442,0.07488654094209572,10.301162545549637,1.5363101033683284,0.08726638888888888,-0.20728713116264566
3.7,199.76287977653624,26.905452982937877,0.059383246868884375,0.19549043797905422,1.6260335225524567,0.07692631023435444,10.339503573868916,1.5311495191108289,0.07784569363378069,-0.20942580115003723
3.725,199.73864780598828,27.16345003316512,0.0584598182057415,0.20189945326086609,1.6310015398679938,0.07859968846796679,10.377719230350676,1.526197562103952,0.05602456505520874,-0.18673075940011755
3.75,199.71283877141414,27.422259983361364,0.057000529142774835,0.20790653413383478,1.636125143626431,0.07972753848711489,10.415818180107811,1.521812981140823,0.03420343647663682,-0.16403571765019792
3.775,199.68544097091626,27.6818690790485,0.054828141231290824,0.21326306891433472,1.6413914412286825,0.08030986029179868,10.453814607541414,1.517995776221442,0.012382307898064888,-0.1413406759002783
3.8,199.65645935779858,27.942265056681926,0.051844742230015145,0.21777422713414418,1.6467816642589013,0.08034665388201814,10.49172269705258,1.5147459473458091,-0.009438820680507047,-0.11864563415035867
3.825,199.6259140879745,28.203437551890488,0.04801756187353968,0.22128887863692698,1.652272058911863,0.07983791925777332,10.529556633042404,1.512063494513924,-0.03125994925907938,-0.09595059240043863
3.85,199.5938357382045,28.46537810190471,0.04333387269437468,0.22367741417034986,1.657836287769565,0.0787836564190642,10.567330599911974,1.5099484177257871,-0.05308107783765131,-0.073255550650519
3.875,199.560263872879,28.72808004684042,0.037784899619793914,0.2248195418093631,1.663446152792628,0.07717384154105458,10.605059228059018,1.508422052166176,-0.07490220641622324,-0.050560508900599384
3.9,199.52525441337073,28.99153999243538,0.031488421852643854,0.22469786950613316,1.669068719767687,0.07521401275078349,10.642752179229843,1.5070469207252133,-0.07895259399179008,-0.06568955617185673
3.925,199.48886639467827,29.255756239890005,0.02470250213028053,0.22345363242127383,1.6746717664146122,0.07319441201169993,10.68040633450021,1.5052052586253182,-0.08019256513652948,-0.08680042723134104
3.95,199.45114345813772,29.52072623334165,0.017672531294504912,0.22129186709508897,1.6802316984381283,0.07118183708933254,10.718007972965177,1.5027548903303465,-0.0814325362812689,-0.10791129829082571
3.975,199.41212299735636,29.78644752464987,0.010608296214426143,0.21840882163262734,1.6857293202746289,0.0691305240429916,10.755540923893651,1.4997932219848322,-0.08267250742600829,-0.12902216935031002
4.0,199.37184184559052,30.052918101915697,0.0036478272813938468,0.21492681522184492,1.6911471559600066,0.06704821171803214,10.79299323596628,1.496303781862831,-0.08391247857074768,-0.15013304040979433
4.0,199.37184184559052,30.052918101915697,0.0036478272813938468,0.21492681522184492,1.6911471559600066,0.06704821171803214,10.79299323596628,1.496303781862831,-0.0872663888888889,0.022047071825946916
4.025,199.3303322754404,30.320136220253605,-0.003135657653614487,0.21092004397069472,1.6964712876544015,0.06486655199580989,10.830403884147962,1.4963946296782855,-0.0872663888888889,-0.014779246589582757
4.05,199.28762607072306,30.588102039766834,-0.00967778939306734,0.20646286494998278,1.7016894110662046,0.0626848922735877,10.867805295300524,1.495564819533352,-0.08726638888888888,-0.051605565005111126
4.075,199.24375302377678,30.856815902768428,-0.015911753954100296,0.20164825143406093,1.706791461418595,0.06050323255136544,10.90517445297496,1.49381435142803,-0.08726638888888891,-0.0884318834206408
4.1,199.19874111839152,31.12627780491802,-0.021797272023259966,0.19654946667030657,1.7117694522501792,0.05832157282914325,10.942488340722257,1.49114322536232,-0.0872663888888889,-0.12525820183616915
4.125,199.15261733931567,31.39648743544777,-0.027313404444407337,0.1912240473742562,1.7166170363824997,0.056139913106920986,10.979723942093406,1.4875514413362216,-0.0872663888888889,-0.16208452025169884
4.15,199.105408264193,31.667444206933457,-0.032453167475954246,0.18571706414687583,1.7213291516808624,0.05395825338469876,11.016858240639397,1.483038999349735,-0.0872663888888889,-0.19891083866722853
4.175,199.0571406635317,31.939147309708527,-0.03721789456412164,0.18006426299545605,1.7259016764039845,0.05177659366247658,11.053867782085028,1.4776104883247716,-0.0872663888888889,-0.23573715708275686
4.2,199.00784149984793,32.211595682879555,-0.04161722999039344,0.1742925124341219,1.7303313637682571,0.04959493394025433,11.09073128174766,1.4714336019465235,-0.08726638888888888,-0.2654219916599722
4.225,198.9575384520325,32.48478831723355,-0.04566372500868553,0.1684219759875641,1.7346154950587633,0.04741327421803218,11.127440068932557,1.465297780328448,-0.0872663888888889,-0.22717160872043882
4.25,198.90626002594485,32.75872456210891,-0.04937125210464151,0.16246677950483657,1.7387517466029443,0.04523161449580993,11.164005506727932,1.460096619897181,-0.08726638888888891,-0.18892122578090406
4.275,198.85403537511982,33.033404718661004,-0.052756029352632204,0.1564362134446893,1.7427381739450183,0.04304995477358769,11.200452868757196,1.4558517190394027,-0.0872663888888889,-0.15067084284136928
4.3,198.80089455403302,33.30883011944794,-0.05583352919024705,0.15033810637307615,1.746573009842154,0.04086829505136552,11.23680606150968,1.4525630777551128,-0.0872663888888889,-0.11242045990183587
4.325,198.74686859169518,33.58500314394828,-0.05861743383284605,0.1441793386020594,1.750254592304328,0.03868663532914327,11.27308889417086,1.450202143299887,-0.0872663888888889,-0.07417007696230112
4.35,198.6919892763612,33.8619272148022,-0.061121409865821714,0.1379652370283943,1.753781437481844,0.03650497560692109,11.309325714760543,1.4487205245246824,-0.0872663888888889,-0.0359196940227677
4.375,198.63628902312394,34.139606639763954,-0.06336053523257479,0.1316991687738062,1.7571523129693924,0.03432331588469884,11.345540054343598,1.4482738067917262,-0.0872663888888889,0.0023306889167670555
4.4,198.57980115536532,34.418046605730474,-0.06534767199917728,0.12538480839825847,1.76036600713857,0.032141656162476585,11.381749035669998,1.4485816830911178,-0.0872663888888889,0.026281211536801203
4.425,198.5225599287532,34.697253186517464,-0.06709310422672296,0.11902637192217147,1.7634213043416513,0.029959996440254454,11.417962867373888,1.4488448391148527,-0.0872663888888889,-0.010633901023803335
4.45,198.46460041158585,34.977233091561175,-0.06860609902444144,0.11262842760895089,1.7663170673659825,0.027778336718032197,11.454176759690426,1.4481295677030483,-0.0872663888888889,-0.04754901358440919
4.475,198.4059582777925,35.25799261133623,-0.06989830922808633,0.10619456624690418,1.7690524262557126,0.025596676995810037,11.490361294492033,1.4464794034564308,-0.0872663888888889,-0.08446412614501372
4.5,198.3466701996228,35.53953783365409,-0.07097920205340111,0.09972735887288904,1.7716265214159264,0.02341501727358777,11.526493039214797,1.4439063613957976,-0.0872663888888889,-0.12137923870561959
4.5,198.3466701996228,35.53953783365409,-0.07097920205340111,0.09972735887288904,1.7716265214159264,0.02341501727358777,11.526493039214797,1.4439063613957976,-0.0872663888888889,0.0521413047595078
4.525,198.28677371637005,35.82187508090742,-0.07185612189289635,0.09322589399682274,1.7740384985156321,0.021233357551365517,11.562602366276684,1.444654758325187,-0.08726638888888888,0.007730449591638648
4.55,198.2263069295996,36.10501216127341,-0.07253565954071105,0.08668976003407226,1.776287507902238,0.019051697829143344,11.598716524869563,1.4442928838753795,-0.08726638888888888,-0.03668040557622893
4.575,198.1653087367648,36.388956959681806,-0.07302388235863824,0.08012131140936485,1.7783727251652468,0.016870038106921136,11.634807758208957,1.4428207380463756,-0.0872663888888889,-0.08109126074409807
4.6,198.10381894126095,36.67371698487206,-0.07332541264046029,0.07352229358634217,1.7802933359932642,0.014688378384698901,11.670849931066295,1.4401156727675293,-0.0872663888888889,-0.12550211591196567
4.625,198.0418781473028,36.95929933338794,-0.07344461777303225,0.06689352284547972,1.782048583875698,0.012506718662476648,11.706817230256446,1.435915283633863,-0.0872663888888889,-0.1699129710798348
4.65,197.9795277585089,37.245710690728586,-0.0733859069261722,0.06023552751260887,1.7836377604272016,0.010325058940254383,11.742665160805958,1.4315487057881635,-0.0872663888888889,-0.21432382624770396
4.675,197.91681009958637,37.532957283416714,-0.07315188518397531,0.053547890936811476,1.7850601257398506,0.00814339921803226,11.77837945462946,1.426841056034605,-0.0872663888888889,-0.25873468141557154
4.7,197.8537683732618,37.82104503269983,-0.07274354807594763,0.046829497839547596,1.78631490772382,0.005961739495809977,11.813969213280185,1.4206281368919098,-0.0872663888888889,-0.24039949915116982
4.725,197.79044639736162,38.10998030671051,-0.07216207717847911,0.040080029681527005,1.7874013404240983,0.0037800797735878114,11.849414544719075,1.415188492622508,-0.0872663888888889,-0.19477204240099355
4.75,197.7268886945375,38.399769653617746,-0.07140734554182211,0.033298459819970344,1.7883186413882206,0.0015984200513655868,11.884738143631466,1.4108895347718602,-0.08726638888888891,-0.14914458565081568
4.775,197.66314043765357,38.690420403018145,-0.07047740345842407,0.026484661868609174,1.7890659559546225,-0.0005832396708567273,11.919968859997724,1.4077353846784442,-0.0872663888888889,-0.1035171289006378
4.8,197.59924735059477,38.981940852483284,-0.06936898651523148,0.019639400422253154,1.7896423851174967,-0.0027648993930789027,11.9551382504415,1.4057389685469306,-0.0872663888888889,-0.05788967215046152
4.825,197.53525514608882,39.274340172705756,-0.06808377409698999,0.01276240577755209,1.790047287096316,-0.004946559115301172,11.990274244913596,1.4048100012287115,-0.0872663888888889,-0.01226221540028366
4.85,197.47121017458863,39.56762793448976,-0.06662216105993196,0.005853916850525873,1.79027998897268,-0.0071282188375233115,12.025396914508795,1.404714721368718,-0.0872663888888889,0.033365241349892605
4.875,197.4071594867539,39.86181408032776,-0.06498262011273984,-0.0010851521382725104,1.7903397570894735,-0.009309878559745542,12.060518424657538,1.4050764621804357,-0.0872663888888889,0.04351215352213114
4.9,197.34315083345106,40.156908924400376,-0.0631617018165466,-0.008053211663754736,1.7902257970508673,-0.011491538281967787,12.095643035125915,1.405375651445906,-0.0872663888888889,-0.0009667162282613745
4.925,197.2792326657535,40.452923152576425,-0.061154034584935645,-0.015047996896297919,1.789937253722317,-0.01367319800418995,12.130767100015673,1.4049498115157242,-0.0872663888888889,-0.045445585978652316
4.95,197.21545391101532,40.749867318363705,-0.058955795268729155,-0.022067997717611355,1.7894733632985524,-0.01585485772641229,12.165871914583098,1.4032666756891066,-0.08726638888888888,-0.08992445572904484
4.975,197.15186387421355,41.04775047316886,-0.056568837188819644,-0.029114492146707777,1.7888336371393652,-0.018036517448634458,12.20092084686731,1.4004625784240006,-0.0872663888888889,-0.13440332547943576
5.0,197.08851296804244,41.34658113478609,-0.05399072762122539,-0.036187527224475,1.7880174190281992,-0.020218177170856715,12.235885777073099,1.3965465094151348,-0.0872663888888889,-0.1788821952298283
5.0,197.08851296804244,41.34658113478609,-0.05399072762122539,-0.036187527224475,1.7880174190281992,-0.020218177170856715,12.235885777073099,1.3965465094151348,-0.0872663888888889,-1.3753800243486884
5.025,197.0254532805412,41.6463641456245,-0.051223809580432406,-0.04329971154361958,1.787023931196766,-0.02239983689307897,12.270376676061776,1.363007110115279,-0.0872663888888889,-1.3077719196397395
5.05,196.9627409590607,41.94709240470961,-0.04826513539155145,-0.05046311574139921,1.785851999476484,-0.024581496615301127,12.304050217600677,1.3311579134331482,-0.0872663888888889,-1.240163814930793
5.075,196.9004333592,42.24875659242201,-0.04510414115393968,-0.05767628025291331,1.7845003650303777,-0.026763156337523353,12.336948656755247,1.30099891936874,-0.08726638888888888,-1.1725557102218438
5.1,196.83858815586098,42.55134818696438,-0.041730908832137245,-0.06493675493531685,1.7829677879214278,-0.028944816059745575,12.369116004105333,1.2726615741919112,-0.0872663888888889,-1.1049476055128973
5.125,196.7772631670373,42.854859536046334,-0.03813759751679367,-0.07224217227300718,1.7812531306719719,-0.031126475781967818,12.400592091750802,1.245788579053246,-0.0872663888888889,-1.0373395008039483
5.15,196.71651645919934,43.1592836796411,-0.03431744750785451,-0.07958996911535716,1.7793553259609394,-0.03330813550419009,12.431413485239926,1.220210143832451,-0.0872663888888889,-0.9697313960949995
5.175,196.65640648797614,43.46461409627191,-0.030263524297460424,-0.08697628661303426,1.7772733302500554,-0.03548979522641224,12.461624488471942,1.1970942637414874,-0.0872663888888889,-0.8535407556878387
5.2,196.59699174595858,43.770845377224404,-0.025969674042856494,-0.09439506855258464,1.7750062250586274,-0.03767145494863449,12.49130044832874,1.177595914778662,-0.0872663888888889,-0.7063271613381725
5.225,196.53833038850792,44.077973918937715,-0.02143239980008676,-0.10183929258973705,1.7725533338998158,-0.03985311467085664,12.520534953709697,1.161777905674579,-0.0872663888888889,-0.5591135669885116
5.25,196.48048041504154,44.385997885225635,-0.01664879891052257,-0.10930154987133267,1.7699141250247314,-0.04203477439307887,12.549420013111291,1.1496402364292366,-0.0872663888888889,-0.41189997263884537
5.275,196.42349967835437,44.69491722783465,-0.011616197321266649,-0.1167738776194336,1.7670882003635584,-0.04421643411530117,12.578047764366003,1.1411985514648424,-0.0872663888888889,-0.26468637828917924
5.3,196.36744570113387,45.004733636906664,-0.0063336035625275525,-0.1242481931811195,1.7640753808345637,-0.04639809383752335,12.606511781011022,1.1365098309465143,-0.0872663888888889,-0.11747278393951822
5.325,196.31237555881685,45.315450574859405,-0.0008028143761607681,-0.13171720090847502,1.7608757752677926,-0.04857975355974559,12.634901852519933,1.1352807246436805,-0.0872663888888889,0.023011541022358917
5.35,196.25834616396088,45.62707294520092,0.004974588027327732,-0.1391737839341357,1.7574896298843818,-0.050761413281967774,12.66330154610247,1.1372307871588632,-0.08726638888888888,0.13971832763641892
5.375,196.2054142951167,45.93960703632368,0.010997586947451347,-0.14661089399191257,1.7539173110651132,-0.052943073004189975,12.691788433385602,1.1421795554736618,-0.0872663888888889,0.2564251142504831
5.4,196.15363648933263,46.25306056169619,0.01726491663767885,-0.1540221584771253,1.7501593498740813,-0.05512473272641229,12.720432599936972,1.1496359756415722,-0.0872663888888889,0.37313190086454723
5.425,196.1030690145082,46.56744207709199,0.023773779482508667,-0.16140095443857502,1.7462165051448186,-0.05730639244863446,12.749307085710711,1.1600298508167086,-0.0872663888888889,0.4898386874786072
5.45,196.0537680235336,46.88276101094962,0.030522109661371467,-0.16873894441459927,1.7420896687987018,-0.0594880521708567,12.77849292660814,1.1745872587615893,-0.0872663888888889,0.6065454740926713
5.475,196.0057892144398,47.199028321208274,0.037507473529564475,-0.1760285459010558,1.7377799476920293,-0.061669711893078905,12.808067264011617,1.1925540055049888,-0.0872663888888889,0.7232522607067313
5.5,195.95918782297167,47.516256500081504,0.04472700163231322,-0.18326309856892523,1.7332886661270306,-0.06385137161530118,12.8381023195225,1.2111553729393112,-0.0872663888888889,0.7126737419149097
5.5,195.95918782297167,47.516256500081504,0.04472700163231322,-0.18326309856892523,1.7332886661270306,-0.06385137161530118,12.8381023195225,1.2111553729393112,-0.0872663888888889,-0.7462556748014967
5.525,195.9140206407143,47.83445470690184,0.05217099458973153,-0.19050581028968916,1.728616686995119,-0.06603303133752343,12.868161712451244,1.1941446015055108,-0.0872663888888889,-0.6146060399025138
5.55,195.87035055828827,48.15361705718043,0.059851648743060204,-0.1978052711291261,1.7237628927828774,-0.06821469105974562,12.897836976605046,1.1804250709441855,-0.0872663888888889,-0.4829564050035357
5.575,195.82824102060286,48.47373503150148,0.06779340680111562,-0.2051388642896427,1.7187261500680113,-0.07039635078196785,12.927210393005723,1.1699967812553342,-0.0872663888888889,-0.35130677010455286
5.6,195.78775449915312,48.794801122335265,0.07601430253174286,-0.21248611560595243,1.713505840710843,-0.07257801050419004,12.95636423566744,1.1628588391483565,-0.0872663888888889,-0.21965713520557456
5.625,195.74895243841848,49.11680881957825,0.08452581449374391,-0.21982851830849634,1.7081018759873592,-0.07475967022641226,12.985380795091968,1.1590138004886137,-0.0872663888888889,-0.08800750030659168
5.65,195.71189544355278,49.4397526266561,0.09333525923733452,-0.22714892194930314,1.7025146026197724,-0.07694132994863452,13.014342383329868,1.1584624120538736,-0.0872663888888889,0.04364213459239112
5.675,195.6766433599133,49.763628066094064,0.10244708296632885,-0.23443117373752403,1.6967447463285803,-0.0791229896708567,13.043331265915711,1.1611954369351363,-0.08726638888888888,0.17492005677510905
5.7,195.64325520194598,50.08843165885013,0.11186237605494724,-0.24166014985198928,1.6907934396125486,-0.08130464939307894,13.072429482412764,1.167208605066362,-0.0872663888888889,0.30613339372292586
5.725,195.61178910688506,50.4141609094097,0.12157855876274057,-0.24882171533777736,1.6846622494248709,-0.08348630911530111,13.101719032280894,1.1765021066212824,-0.08726638888888888,0.437346730670738
5.75,195.58230247609325,50.74081431942336,0.13159215458883114,-0.2559019798210291,1.678353048246171,-0.08566796883752335,13.131281923855692,1.189075941599898,-0.0872663888888889,0.5685600676185548
5.775,195.5548519854321,51.068391388567164,0.1418990061456621,-0.2628872403056637,1.6718680037905636,-0.08784962855974561,13.161200165472753,1.2049301100022094,-0.08726638888888891,0.6997734045663716
5.8,195.5294931075878,51.396891854105895,0.1524904995572843,-0.2697644502487662,1.6652095846264137,-0.09003026094633551,13.191559572886302,1.2240026776729425,-0.0872663888888889,0.8309867415141838
5.825,195.50628081268093,51.72631744649425,0.16336956042383943,-0.27651576330809424,1.6583807300448135,-0.09217139340367186,13.222405837212694,1.2439742783677763,-0.08397558999717517,0.7638103379257163
5.85,195.4852692147928,52.05667000841947,0.17455510566409035,-0.2831186358224065,1.6513849412166928,-0.09422344745677458,13.253720708977289,1.261856014523803,-0.0793007598327688,0.6131959564726619
5.875,195.4665097979386,52.38794767874582,0.18606516269731557,-0.2895502905424741,1.644226236503755,-0.09615703698359473,13.285446590241186,1.2758763086850582,-0.07462592966836226,0.4625815750196024
5.9,195.45005139749685,52.72014485668269,0.19791668817606856,-0.29578775780587857,1.6369091510038731,-0.09796317924599159,13.317486808903544,1.2854936257569716,-0.06995109950395571,0.3119671935665427
5.925,195.43594026854012,53.05325228693719,0.2101231865042006,-0.3018100230246108,1.6294387617497215,-0.09965742080684477,13.349710549424147,1.291257866965995,-0.06527626933954933,0.1613528121134884
5.95,195.42422227687013,53.387257966872816,0.2226767732141912,-0.30761539324915727,1.6218204506869067,-0.10123760925729172,13.382024054575744,1.2933588498834077,-0.060601439175142796,0.010738430660428837
5.975,195.4149408845141,53.722146680422405,0.2356042794294386,-0.3131558003347185,1.6140600794170736,-0.10254063788485204,13.414356372316448,1.2928913774237953,-0.04534278608829988,-0.06084484920919464
6.0,195.4081320841717,54.05790064153412,0.24897403610913255,-0.31831190104871754,1.6061658453837935,-0.10337777621150335,13.446660184205879,1.291264730306403,-0.021629209791311107,-0.0692938627557713
6.0,195.4081320841717,54.05790064153412,0.24897403610913255,-0.31831190104871754,1.6061658453837935,-0.10337777621150335,13.446660184205879,1.291264730306403,0.04306168816302667,-0.08276321246072219
6.025,195.40381464404024,54.39449987912283,0.26316658243805374,-0.3225730486654815,1.5981521299802592,-0.10220798920848513,13.47891598096467,1.2892006905979616,0.05052127207842984,-0.08235996421460107
6.05,195.40196893539334,54.731923337007295,0.27825701095207755,-0.3255995715431235,1.5900474784985603,-0.10085171260758187,13.511120302745828,1.287146732095673,0.05798085599383274,-0.08195671596847998
6.075,195.4025682337321,55.070150654739734,0.29391631481376224,-0.32747087321498564,1.5818817688258193,-0.09930894640879351,13.543273401579505,1.2851028547995376,0.06544043990923591,-0.08155346772235886
6.1,195.40558644314075,55.409162550549475,0.3098555531769087,-0.3282600227557415,1.5736830464977833,-0.0975970869793811,13.575375529421647,1.2830690447140505,0.07290002382463881,-0.08115021947623774
6.125,195.41099834649177,55.748940682557894,0.3258325171601981,-0.328026512022291,1.5654774478055464,-0.09567054682007735,13.607426938403306,1.2810453385146883,0.08035960774004199,-0.08074697123011662
6.15,195.41877764660248,56.08946766207722,0.34163448493375637,-0.3268229683624814,1.5572897540422561,-0.09353749438156389,13.639427880628373,1.2790317296298725,0.08726638133835132,-0.08034416772394107
6.175,195.42889580725316,56.430727067419056,0.3570580552321009,-0.32470957493394254,1.5491437621312867,-0.0913483410200778,13.671378607638554,1.2770280970525671,0.08726638262864776,-0.07994692076663092
6.2,195.44132587831928,56.772703308736965,0.3718774156009001,-0.3218039715471934,1.5410608411820659,-0.08916668143823286,13.703279368032021,1.2750343896203677,0.0872663839189442,-0.07954967380932076
6.225,195.45604432711394,57.115381459974635,0.38590858556533647,-0.3182202714322056,1.533059206476958,-0.0869850218241306,13.735130409879355,1.2730506133621011,0.08726638520924063,-0.0791524268520106
6.25,195.4730290393739,57.458747209822974,0.39901066176433975,-0.31405457691869626,1.5251546587421225,-0.08480336217734334,13.766931981535166,1.271076777816366,0.08726638649953708,-0.07875517989470045
6.275,195.49225876342334,57.80278682097288,0.41107541705476575,-0.30939130464139625,1.51736086366776,-0.08262170249244925,13.79868433335166,1.2691130039536187,0.0872663877898335,-0.07835793293739028
6.3,195.51371445409794,58.14748682554696,0.4220386076792871,-0.304301647487641,1.5096890261971516,-0.08044004278263753,13.830387712489848,1.267158997505224,0.08726638888888888,-0.0779649528593356
6.325,195.53737671098753,58.49283421682903,0.43185710905698815,-0.2988480343589298,1.5021488637929217,-0.0782583830624802,13.862042359854795,1.2652144333435622,0.0872663888888889,-0.07759649438278765
6.35,195.5632249866619,58.83881651821445,0.4405018088144311,-0.29308550514592185,1.4947488991424076,-0.0760767233403985,13.893648510640423,1.2632791235818885,0.0872663888888889,-0.0772280359062397
6.375,195.59123758722887,59.185421783150424,0.44795760872150014,-0.2870617116104546,1.4874964602591938,-0.07389506361866464,13.925206394334465,1.2613530175287007,0.0872663888888889,-0.07685957742969174
6.4,195.6213923681687,59.532638486142616,0.4542276017154944,-0.28081711622720923,1.4803976633531613,-0.07171340389644239,13.956716239618826,1.25943613784898,0.0872663888888889,-0.07649111895314377
6.425,195.65366705698946,59.880455410803634,0.45933613100434084,-0.27438480082952965,1.4734573800384598,-0.06953174417422021,13.988178278059523,1.2575284650868306,0.0872663888888889,-0.07612266047659583
6.45,195.6880375437374,60.2288619545494,0.46331326242562765,-0.26779315128834247,1.4666798193846189,-0.06735008445199793,14.019592739522226,1.2556299802459896,0.08726638888888891,-0.07575492220299719
6.475,195.72447779662951,60.57784816976672,0.4661923949428037,-0.26106685998086127,1.4600686982360722,-0.06516842472977583,14.050959853415815,1.2537406620315994,0.0872663888888889,-0.07538970318203414
6.5,195.76295986205352,60.927404763813456,0.46801026064517987,-0.25422692579058315,1.4536272412121547,-0.06298676500755353,14.0822798486924,1.2518604868502068,0.0872663888888889,-0.0750244841610711
6.5,195.76295986205352,60.927404763813456,0.46801026064517987,-0.25422692579058315,1.4536272412121547,-0.06298676500755353,14.0822798486924,1.2518604868502068,0.08726638882618884,-0.07498748171704198
6.525,195.8034542711642,61.277523066253146,0.4688100775966039,-0.24729034649618475,1.447358107652132,-0.06080510528676219,14.113552963578638,1.2499901561694908,0.08726638883711546,-0.07463897274022424
6.55,195.84593013683963,61.62819506176197,0.4686417752972447,-0.2402704197861943,1.4412634438046859,-0.05862344556569776,14.144779429106912,1.2481285382131957,0.0872663888480421,-0.07429046376340652
6.575,195.89035446553595,61.97941353177303,0.4675545730399483,-0.2331782821991988,1.4353451782272775,-0.056441785844360104,14.175959463095333,1.2462756329813207,0.08726638885896873,-0.0739419547865888
6.6,195.93669230262955,62.33117205844494,0.4655975704139681,-0.22602302092030915,1.429605030771286,-0.05426012612274731,14.207093283367145,1.2444314412121187,0.08726638886989536,-0.07359344580977108
6.625,195.98490680932488,62.68346504063983,0.46281996439482254,-0.2188117768435186,1.4240445222685025,-0.05207846640081853,14.238181107974208,1.2425959776105517,0.087266388880822,-0.07324493683295334
6.65,196.03495936372582,63.03628770025788,0.45927231313191447,-0.2115494750829958,1.4186649284381065,-0.049896806678686546,14.26922315456367,1.2407692014494782,0.08726638888888891,-0.07289746104105886
6.675,196.0868094484477,63.38963615260799,0.45500337688489145,-0.2042398902709585,1.4134674475603999,-0.04771514695647787,14.300219639864045,1.2389510670721797,0.08726638888888888,-0.07255289972508532
6.7,196.14041463457852,63.743507426096954,0.4500592878634448,-0.19688595865512093,1.4084532480609238,-0.045533487234258305,14.331170779748136,1.237141550624385,0.0872663888888889,-0.07220833840911174
6.725,196.19573059708412,64.09789946413667,0.4444834438029023,-0.1894898532854843,1.4036234767664373,-0.04335182751203759,14.362076789577847,1.235340669171578,0.0872663888888889,-0.07186377709313821
6.75,196.25271131832642,64.45281112267783,0.4383180551654453,-0.18205277963406913,1.3989792061979116,-0.04117016778981534,14.392937886292136,1.233548464058394,0.0872663888888889,-0.07151921577716465
6.775,196.31130913415433,64.80824216150538,0.4316056088867585,-0.17457446859200887,1.3945213602548407,-0.03898850806759309,14.423754284151366,1.2317647697539855,0.0872663888888889,-0.07117465446119109
6.8,196.3714746915999,65.16419327882177,0.42438512191242433,-0.16705459992014166,1.3902509115780344,-0.03680684834537093,14.454526193858808,1.2299894199216128,0.08726638888888888,-0.0708427341452672
6.825,196.43315695255976,65.52066611467586,0.41669180781394377,-0.15949294475256176,1.386168900338672,-0.03462518862314869,14.485253822753574,1.2282222751934362,0.08726638888888891,-0.07052232261110147
6.85,196.49630319379497,65.87766325096284,0.40855707678873865,-0.15188936559662186,1.3822764342383043,-0.032443528900926576,14.51593737481062,1.2264632231705137,0.0872663888888889,-0.07020191107693577
6.875,196.56085905451798,66.23518819998593,0.4000089491120833,-0.14424373537775864,1.3785746708991948,-0.03026186917870426,14.546577050834532,1.2247121861006294,0.0872663888888889,-0.06988149954277005
6.9,196.6267689568487,66.59324531702633,0.3910761632475025,-0.13655505458015002,1.3750646422006614,-0.02808020945648201,14.577173051029812,1.2229691612023463,0.0872663888888889,-0.06956108800860433
6.925,196.6939759087107,66.95183984238227,0.381785623277391,-0.1288221110655587,1.371747370687968,-0.02589854973425983,14.607725575562954,1.2212341337593617,0.0872663888888889,-0.06924067647443861
6.95,196.76242152385007,67.3109778647726,0.37216092214180896,-0.12104406741265447,1.3686239406965415,-0.023716890012037584,14.638234824159566,1.2195070857675931,0.0872663888888889,-0.06892217019754183
6.975,196.83204605410907,67.6706663114428,0.3622225231963681,-0.11322044304601434,1.3656954910364334,-0.02153523028981544,14.668700996172158,1.2177880027098649,0.08726638888888891,-0.0686041852407646
7.0,196.9027883894265,68.03091294816525,0.3519877602122289,-0.10535111423611951,1.362963214992319,-0.01935357056759315,14.699124290580153,1.2160768735559084,0.08726638888888891,-0.06828620028398735
7.0,196.9027883894265,68.03091294816525,0.3519877602122289,-0.10535111423611951,1.362963214992319,-0.01935357056759315,14.699124290580153,1.2160768735559084,0.0872663888888889,-0.06825792117222568
7.025,196.9745862419576,68.3917263126941,0.34147263249234333,-0.09743590621660358,1.3604282848556586,-0.017171910845370897,14.72950491332657,1.2143742064727558,0.0872663888888889,-0.06795544547998603
7.05,197.0473763008392,68.75311564166239,0.33069280241504007,-0.08947443676022915,1.3580918114384708,-0.014990251123148713,14.75984306391956,1.2126791012819091,0.08726638888888891,-0.0676529697877464
7.075,197.12109406599106,69.11509089068554,0.3196611971236152,-0.08146675222366018,1.3559549461381761,-0.012808591400926508,14.790138931406434,1.2109915579833685,0.0872663888888889,-0.06735049409550675
7.1,197.19567392473357,69.47766269435863,0.3083886164482992,-0.07341319928785471,1.3540188549095136,-0.010626931678704326,14.820392704866666,1.2093115801043328,0.0872663888888889,-0.06704801840326713
7.125,197.27104923482267,69.84084231995884,0.2968843767542122,-0.06531429343264131,1.352284692064978,-0.008445271956482071,14.850604573543457,1.2076391725159283,0.0872663888888889,-0.06674554271102748
7.15,197.34715245058092,70.20464161474612,0.2851575031982605,-0.05717046297044817,1.350753554661784,-0.006263612234259817,14.880774726178261,1.2059742990408546,0.0872663888888889,-0.06644438202471759
7.175,197.42391505462146,70.56907294744184,0.27321519608903566,-0.048982448885015586,1.3494265399383913,-0.004081952512037662,14.910903350888015,1.2043169309376407,0.08726638888888888,-0.0661448330375591
7.2,197.50126754963142,70.93414920226749,0.261062656103748,-0.040751349822995976,1.3483047517901563,-0.0019002927898153985,14.940990635191463,1.20266705365394,0.08726638888888888,-0.0658452840504006
7.225,197.57913947600852,71.29988375927718,0.248703171438018,-0.03247860396711597,1.3473892969640962,0.0002813669324067637,14.971036766361285,1.2010246880047786,0.0872663888888889,-0.06554573506324211
7.25,197.65745964806825,71.66629036864938,0.23614023962029296,-0.024165532969064582,1.3466812040819176,0.0024630266546290165,15.0010419328832,1.1993898543222865,0.0872663888888889,-0.06524618607608362
7.275,197.7361561716206,72.03338313921135,0.2233777322071573,-0.015813321029000137,1.346181418162464,0.004644686376851279,15.031006320482184,1.197762383980412,0.0872663888888889,-0.06494663708892513
7.3,197.81515632765056,72.40117645469437,0.21041785730747037,-0.007423472845763994,1.3458908723131677,0.0068263460990734635,15.060930111556713,1.1961421230389462,0.08726638888888891,-0.06466543509732188
7.325,197.89438657062485,72.76968496364655,0.19726106881569463,0.0010021658111006929,1.345810490708111,0.00900800582129563,15.0908134853086,1.1945289524752212,0.0872663888888889,-0.0643863028413358
7.35,197.97377252862339,73.13892357919505,0.18390606661839273,0.009461408176610722,1.3459411885824184,0.011189665543517854,15.120656617744707,1.1929227882391207,0.0872663888888889,-0.06410717058534973
7.375,198.05323915603424,73.50890735239827,0.1703509295854187,0.017951964941738834,1.3462838312584775,0.013371325265740109,15.150459683134082,1.1913236046073226,0.0872663888888889,-0.06382803832936365
7.4,198.13271098224666,73.87965140571508,0.1565958443533136,0.026471973782583813,1.3468391307863414,0.015552984987962358,15.180222856138741,1.189731397758246,0.0872663888888889,-0.06354890607337758
7.425,198.2121118941871,74.25117089493898,0.14264026836180643,0.035019439413075004,1.3476077473447459,0.017734644710184544,15.20994631095723,1.188146151798647,0.0872663888888889,-0.06327036175682121
7.45,198.29136511336827,74.62348092725709,0.12848216725924244,0.04359209582796418,1.3485903177102838,0.019916304432406738,15.239630221526514,1.1865678547991565,0.0872663888888889,-0.06299291928168799
7.475,198.370393195889,74.99659656125027,0.1141180149025844,0.052187406302824646,1.349787455257404,0.022097964154628932,15.269274761521963,1.1849964987942807,0.0872663888888889,-0.06271547680655477
7.5,198.44911803243437,75.37053280689304,0.09954279335741152,0.06080256339405204,1.3511997499584123,0.02427962387685121,15.298880104357357,1.183432079782401,0.0872663888888889,-0.062438034331421546
7.5,198.44911803243437,75.37053280689304,0.09954279335741152,0.06080256339405204,1.3511997499584123,0.02427962387685121,15.298880104357357,1.183432079782401,0.08726637988173365,-0.062418032035447074
7.525,198.52746109320935,75.74530448754312,0.08475238558168259,0.0694350564220701,1.3528276875242407,0.026461283391917848,15.328446428123689,1.1818749177954728,0.08726638132359504,-0.062154926918796295
7.55,198.60534351177887,76.12092610248146,0.06974414770121681,0.0780829023181559,1.3546716326326467,0.02864294294303094,15.357973905060696,1.1803243334364613,0.08726638276545644,-0.06189182180214554
7.575,198.6826858028333,76.49741189866843,0.05451371419782926,0.08674387842033401,1.3567319405529479,0.030824602530190617,15.387462699609078,1.1787803267053656,0.08726638420731783,-0.061628716685494765
7.6,198.75940799218495,76.87477578469357,0.039056116798515325,0.09541574706397235,1.3590089200750801,0.033006262157783364,15.416912976257384,1.177242901465425,0.08726638564917923,-0.061365611568844
7.625,198.8354296653314,77.253031279118,0.02336625347250698,0.10409637902855334,1.361502813379064,0.0351879218183304,15.446324899494295,1.175712051129998,0.08726638709104062,-0.06110250645219323
7.65,198.9106699909577,77.6321914306632,0.007438704471863906,0.11278373219691262,1.364213802371026,0.03736958148670738,15.475698633395552,1.1741877535722796,0.08726638692682662,-0.06084081579997264
7.675,198.98504772218442,78.01226875434608,-0.008732757318754926,0.12147571829389284,1.3671420296129904,0.0395512411434953,15.50503434160654,1.1726699916900363,0.08726638582310425,-0.06057995256913102
7.7,199.05848120085687,78.39327522460198,-0.025155161222979075,0.13017020035222512,1.3702875982519618,0.04173290077563105,15.53433218736423,1.1711587539779644,0.0872663847193819,-0.06031908933828938
7.725,199.13088843482146,78.77522218308262,-0.04183580005677027,0.1388650743652457,1.373650551014323,0.04391456037986587,15.563592334060273,1.1696540381192282,0.08726638361565955,-0.06005822610744776
7.75,199.2021871139757,79.15812030409376,-0.05878197707286713,0.14755833068782692,1.377230857184693,0.04609621995469064,15.592814944474593,1.168155821179179,0.08726638251193719,-0.05979736287660612
7.775,199.27229464323653,79.54197948727247,-0.07600166870936662,0.15624783882414675,1.3810284407757383,0.04827787949400207,15.622000179399864,1.1666640270405004,0.087266381042669,-0.059541058639734454
7.8,199.3411281557402,79.92680883308172,-0.09350357672587972,0.16493132057486548,1.385043183173863,0.050459538987285335,15.651148197573548,1.165178524565436,0.08726637854294675,-0.05929760596143001
7.825,199.40860452383023,80.31261662847577,-0.11129718249992182,0.17360632925216762,1.389274925349181,0.052641198423885545,15.680259155435085,1.163699140074363,0.08726637604322451,-0.05905415328312555
7.85,199.4746404592613,80.69941022749414,-0.12939240825534398,0.18227027384076877,1.3937234521142752,0.05482285781658903,15.70933320495201,1.1622258334434228,0.08726637354350225,-0.0588107006048211
7.875,199.53915247755273,81.0871961053816,-0.14779814837600597,0.1909208180453943,1.3983884261613524,0.05700451713474363,15.738370497855676,1.1607586109983055,0.08726637104378002,-0.058567247926516644
7.9,199.6020570290845,81.4759796661183,-0.16652375209591733,0.19955541874157354,1.4032694471474474,0.05918617634085073,15.767371186153163,1.1592974661103417,0.08726636854405775,-0.058323795248212185
7.925,199.663270526713,81.86576520418559,-0.1855792771558349,0.20817124372785467,1.4083660620967902,0.06136783540164458,15.796335421721793,1.1578423928991364,0.08726636049438495,-0.0580813236412724
7.95,199.72270934577085,82.25655590456597,-0.20497548980326713,0.21676517172580678,1.4136777654008064,0.06354949428809283,15.825263356309147,1.1563933862325657,0.0872663517781706,-0.05783896985966987
7.975,199.78028982406707,82.6483538427431,-0.2247238647924683,0.22533379238001716,1.4192039988181164,0.06573115297539583,15.854155141533052,1.1549504417267795,0.08726634306195628,-0.057596616078067334
8.0,199.8359282897459,83.04115996547026,-0.24483632503643943,0.233873453966625,1.424944139237572,0.06791281144435583,15.88301092888609,1.153513555988167,0.08726633434574194,-0.057354262296464786
8.0,199.8359282897459,83.04115996547026,-0.24483632503643943,0.233873453966625,1.424944139237572,0.06791281144435583,15.88301092888609,1.153513555988167,0.08726594173648888,-0.057342930534737935
8.025,199.88954168271482,83.43497381688256,-0.26535157209870563,0.2423501544690237,1.4308972525373336,0.06994864764508701,15.91183087203229,1.152082852199309,0.07560095432200473,-0.05711337257390623
8.05,199.94105323386083,83.82979281319747,-0.28638284148082527,0.25061983914903163,1.4370599542449438,0.07169285916045612,15.940615119320631,1.1506578873594717,0.06393596690752056,-0.056883814613074526
8.075,199.9903958513104,84.22561198675865,-0.3080072967303252,0.2585332504578627,1.4434252093934994,0.07314544599046303,15.969363814224838,1.1492386614686554,0.05227097949303722,-0.05665425665224284
8.1,200.03751172110853,84.6224241368651,-0.33023993187957984,0.2659693947012861,1.449982570945134,0.07431820049095919,15.99807710023337,1.1478251759533462,0.04060599207855305,-0.05642469869141114
8.125,200.08235139471856,85.02022025885626,-0.35305149579780293,0.27282284284932273,1.4567188704950154,0.07516125448846486,16.026755120814947,1.1464174247811383,0.027367963245667024,-0.056195331016775305
8.15,200.1248756757758,85.41898958198563,-0.3764247661539723,0.278942515890832,1.4636176493209234,0.07552505296976597,16.05539801910092,1.145015389860801,0.0032237411731356642,-0.05596728263227306
8.175,200.16505898059992,85.8187194039688,-0.4003434549365981,0.28413186429577125,1.4706580494365447,0.07534179993060706,16.08400593771452,1.1436190366052994,-0.020920480899395688,-0.0557392342477708
8.2,200.20289195881966,86.2193951888455,-0.4247443108270831,0.288186261044099,1.477814063998514,0.07456654038939127,16.11257901909359,1.142228376875616,-0.04506470297192533,-0.05551118586326857
8.225,200.23838014420764,86.62100123069435,-0.4495265982172569,0.29089813788160984,1.4850555251841773,0.07301794513396426,16.141117406341507,1.1408435193207336,-0.06920892504445669,-0.05528313747876632
8.25,200.27154761982254,87.02352084724771,-0.4744962572832236,0.29210701086793583,1.4923469903720286,0.07088947072940374,16.169621242088223,1.1394643488616452,-0.08726626070178174,-0.05505870992173775
8.275,200.30243564278584,87.42693659434798,-0.4993241866057947,0.29175115065223106,1.499648406000982,0.06868880701351565,16.198090667132767,1.138090563495457,-0.08726627302126284,-0.05484502389132606
8.3,200.33108256077657,87.831232374501,-0.5234631413387423,0.2900684396555023,1.5069236645452637,0.06650715003399055,16.226525814409147,1.136722108973554,-0.08726628534074396,-0.05463133786091437
8.325,200.35751876529062,88.23639345009572,-0.546499110560049,0.2872555032997356,1.5141424385931903,0.0643254927464786,16.254926817099363,1.1353589966024114,-0.08726629766022506,-0.05441765183050269
8.35,200.3817719273596,88.6424059222122,-0.5681114074437289,0.28347167892477737,1.5212783027482042,0.06214383515232497,16.283293808758714,1.134001226329832,-0.08726630997970616,-0.05420396580009101
8.375,200.40386773554758,89.04925654430252,-0.5880487395311037,0.2788560743830989,1.5283083777048632,0.05996217730167967,16.311626922921423,1.1326487962104355,-0.08726631878470345,-0.0539904161015327
8.4,200.42382641934046,89.45693239884916,-0.6061587846052808,0.2735231655929231,1.5352141273564062,0.0577805192899664,16.33992629302796,1.1313017025425998,-0.08726632181049657,-0.0537770905865679
8.425,200.44166931566562,89.86542084871616,-0.6223262867081365,0.26757400658598257,1.5419792170359703,0.05559886118397887,16.36819205246866,1.1299599427352995,-0.08726632483628968,-0.0535637650716031
8.45,200.45741999664097,90.27470953417807,-0.6364624479407759,0.26109813141226285,1.5485891545791526,0.05341720301697783,16.39642433459201,1.1286235154983115,-0.08726632786208281,-0.05335043955663832
8.475,200.47110426957465,90.68478637292006,-0.6485049284635385,0.25417355413999965,1.5550312903240118,0.0512355447886902,16.424623272704675,1.1272924208422146,-0.08726633088787593,-0.05313711404167351
8.5,200.48274873235388,91.09563947892394,-0.6584284913840006,0.24686591308860983,1.5612950385647686,0.04905388648646919,16.452788999957566,1.125966618173278,-0.08726633268960507,-0.05293078232371814
8.5,200.48274873235388,91.09563947892394,-0.6584284913840006,0.24686591308860983,1.5612950385647686,0.04905388648646919,16.452788999957566,1.125966618173278,-0.08726632360122884,-0.05293015073383849
8.525,200.49237899324837,91.50725702371783,-0.6662545185259956,0.23922938186626116,1.567371835985774,0.0468722282809815,16.48092164570778,1.124645880563212,-0.08726633283778408,-0.052728858071439136
8.55,200.50002445023202,91.91962748231212,-0.6720128058683217,0.23131125333199604,1.5732541349571412,0.04469056984457993,16.509021335921698,1.123330175269706,-0.08726634207433935,-0.052527565409039786
8.575,200.50571723674966,92.33273965186771,-0.6757470332937595,0.22315231861309587,1.5789354160575126,0.04250891117726464,16.537088196407236,1.12201950229276,-0.08726635131089461,-0.052326272746640444
8.6,200.50949240684466,92.74658269139682,-0.6775118059909286,0.21478767135975457,1.584410051992625,0.0403272522973208,16.565122352967226,1.1207138599057072,-0.0872663592260725,-0.05212510485936132
8.625,200.51138776085304,93.16114615855332,-0.6773734256498735,0.20624694214896366,1.5896732838877712,0.03814559334555727,16.593123931205376,1.1194132348122587,-0.08726635799547218,-0.05192480059030922
8.65,200.51144397555606,93.576420072574,-0.6754076120374908,0.19755499319855632,1.5947211068078764,0.03596393440194337,16.6210930564397,1.118117619461062,-0.08726635676487188,-0.05172449632125713
8.675,200.50970496530294,93.99239502421278,-0.6716930711987575,0.18873351654729367,1.5995499990698971,0.033782275496487164,16.6490298538968,1.1168270110185199,-0.08726635553427156,-0.051524192052205035
8.7,200.50621789351908,94.40906219120862,-0.6663108124430497,0.17980124191436025,1.6041568890321385,0.03160061662648259,16.676934448676132,1.1155413909536351,-0.08726635415918459,-0.05132665931917473
8.725,200.50103293079343,94.82641338635668,-0.6593451245360599,0.17077403120677015,1.608539155388943,0.029418957798180382,16.704806963385717,1.1142605795768632,-0.08726635235631605,-0.05113733226962168
8.75,200.4942031491705,95.24444106490785,-0.6508861013291247,0.16166430848136323,1.612694725894979,0.027237299012043897,16.732647517074298,1.1129845146440738,-0.08726635055344753,-0.05094800522006862
8.775,200.48578471552466,95.66313843809975,-0.6410216314372152,0.1524831176317729,1.616621740692892,0.02505564026869844,16.760456228361853,1.1117131837470677,-0.087266348750579,-0.05075867817051556
8.8,200.4758369017645,96.08249949091447,-0.6298363214961142,0.14324042342993198,1.6203185040527721,0.022873981574195686,16.788233215695865,1.1104465853754297,-0.08726634662545782,-0.050569127257597185
8.825,200.4644220842618,96.50251898206092,-0.6174114951709082,0.13394511219444866,1.6237834842836387,0.020692322939984076,16.815978597353155,1.1091847290560817,-0.08726634397169215,-0.05037920910446362
8.85,200.45160534591835,96.92319243966742,-0.6038265743089963,0.12460491299339924,1.627015342672212,0.018510664367327984,16.843692492612547,1.1079276743807664,-0.08726634131792649,-0.05018929095133004
8.875,200.43745433534406,97.34451618552237,-0.589163887639793,0.1152251917118759,1.6300131407177882,0.016329005861700885,16.871375020659542,1.1066753622550443,-0.08726633866416082,-0.04999937279819646
8.9,200.42203936606487,97.76648732734373,-0.5735022464982849,0.10581049901168135,1.632776080206437,0.014147347437978538,16.899026298427977,1.105427675291619,-0.08726633532507395,-0.049814862638432295
8.925,200.40543319500227,98.18910374675548,-0.5569147330767502,0.09636530077890021,1.6353033906869932,0.0119656891067363,16.92664644110989,1.1041845300381505,-0.08726633131413283,-0.049635654201823955
8.95,200.38771102247355,98.61236409928762,-0.5394687004247614,0.08689397812390032,1.6375943294710573,0.009784030874249366,16.954235562155553,1.102945876977253,-0.0872663273031917,-0.04945644576521563
8.975,200.36895049219146,99.0362678143762,-0.5212257724491806,0.07740082738133028,1.639648181632996,0.0076023727424922236,16.98179377327344,1.1017117005264967,-0.08726632329225058,-0.04927723732860729
9.0,200.3492314631139,99.46081505427436,-0.5022441866512899,0.0678895212945104,1.6414643538682803,0.005420714722103519,17.009321185385033,1.1004820133981383,-0.08726631780483408,-0.04909749815282628
9.0,200.3492314631139,99.46081505427436,-0.5022441866512899,0.0678895212945104,1.6414643538682803,0.005420714722103519,17.009321185385033,1.1004820133981383,-0.0872662084080111,-0.04909816905809188
9.025,200.32863537452425,99.88600658434339,-0.482582818699091,0.05836224348491858,1.6430425299763582,0.0032390591420180036,17.03681791129322,1.0992568099400928,-0.08726623779823525,-0.048918134429111554
9.05,200.3072457412504,100.31184383834032,-0.46229343098932496,0.04882153727057468,1.6443823529600556,0.0010574028326767702,17.064284063374277,1.0980361066117694,-0.0872662671884594,-0.048738099800131225
9.075,200.28514782206287,100.7383288338015,-0.44142314387391923,0.03926978903452387,1.6454835161227037,-0.0011242542016878826,17.09171975413368,1.0968199028230488,-0.0872662915871484,-0.04855873314666423
9.1,200.26242849775295,101.1654641250789,-0.42001450011379204,0.02970926312689222,1.646345758915969,-0.003305911363483284,17.119125095381555,1.0956081180633317,-0.08726628140438858,-0.04838399424001195
9.125,200.23917619639968,101.59325277567436,-0.3981062202404734,0.02014189581673904,1.646968901378501,-0.005487568266135927,17.1465001966977,1.094400696678996,-0.08726627122162878,-0.04820925533335967
9.15,200.2154806582552,102.02169823820911,-0.3757327908250453,0.010569531010066226,1.647352807977469,-0.007669224886935027,17.173845166605762,1.09319761335983,-0.08726625967502988,-0.04803603636998304
9.175,200.1914328636115,102.45080431756082,-0.3529242160475425,0.0009940293000771719,1.6474973704455174,-0.00985088118106428,17.20116011287947,1.0919988181598803,-0.08726624408599921,-0.04786732253264971
9.2,200.1671249941387,102.88057514981874,-0.32970615649079005,-0.008582740756285533,1.6474025120673832,-0.012032537063790505,17.228445142311074,1.0908042380924916,-0.08726622849696855,-0.047698608695316405
9.225,200.14265023942772,103.31101509354399,-0.306101035809177,-0.01815913586321764,1.6470682243210284,-0.014214192471548703,17.255700360032584,1.0896138577231993,-0.08726620907773533,-0.047530218481132674
9.25,200.11810274599407,103.74212868732843,-0.2821276743605743,-0.02773351323738102,1.6464945518214888,-0.016395847449056346,17.282925871417632,1.088427715799417,-0.08726618336673225,-0.04736235987392132
9.275,200.09357736945597,104.17392050871236,-0.25780111300868547,-0.03730380916241704,1.6456815801533966,-0.018577501889891216,17.310121781583454,1.087245799145898,-0.08726615765572913,-0.04719450126670996
9.3,200.06916965215893,104.60639516188745,-0.23313264463547045,-0.04686752203373487,1.6446294365401686,-0.02075915551685353,17.33728819527752,1.086068037473794,-0.08726612090248424,-0.04702961064248031
9.325,200.0449757501138,105.03955723165282,-0.2081299274243817,-0.05642170152749964,1.6433382918665749,-0.02294080783514483,17.364425216278164,1.0848943231652914,-0.0872660733057064,-0.04686763459137771
9.35,200.02109222364976,105.47341115995306,-0.18279831616179942,-0.06596317162365546,1.6418084110317708,-0.02512245861424987,17.391532945257786,1.0837246467474324,-0.08726602570892855,-0.0467056585402751
9.375,199.99761611017894,105.90796128847961,-0.15714141300524034,-0.07548862970500933,1.6400401786842227,-0.027304107972376417,17.41861148327117,1.0825590189484975,-0.08726593964380658,-0.04654415982153587
9.4,199.97464451624833,106.34321158777391,-0.13116082452120092,-0.08499430745304407,1.6380340705830956,-0.029485755310898608,17.445660931082124,1.0813974323627158,-0.08726583105147874,-0.04638294063040918
9.425,199.95227458604148,106.77916563679563,-0.10485616370458369,-0.09447595268408263,1.6357906523635666,-0.03166739925770999,17.472681388991738,1.0802398639790367,-0.08726572245915092,-0.04622172143928249
9.45,199.93060350137827,107.21582662292265,-0.078225049978699,-0.1039288293492876,1.6333105795368261,-0.03384903766722332,17.499672956838396,1.0790862751811297,-0.08726537812855654,-0.04606484809647518
9.475,199.9097284817152,107.65319734195113,-0.051263109195258866,-0.11334771753466329,1.6305945974900775,-0.03603066762037109,17.526635733997782,1.0779366117473836,-0.08726495804666638,-0.04590937123310359
9.5,199.88974666766768,108.09128012616775,-0.023964858948991436,-0.12272709458035881,1.6276435786546144,-0.03821228641343505,17.553569818778097,1.076790822695164,-0.08726453796477623,-0.04575389436973199
9.5,199.88974666766768,108.09128012616775,-0.023964858948991436,-0.12272709458035881,1.6276435786546144,-0.03821228641343505,17.553569818778097,1.076790822695164,-0.08726022052883996,-0.04580957797272716
9.525,199.87075479541235,108.53007656583222,0.003677115540886032,-0.13205899267562063,1.624458574668824,-0.040377065007840586,17.580475293875658,1.0756479632711824,-0.08726030734875373,-0.04561447907428315
9.55,199.85284866458764,108.96958760228598,0.03166003588380813,-0.14134310357941068,1.6210409939037838,-0.04259285038774067,17.607352260220154,1.0745101603324434,-0.08514926538590167,-0.04542678968251257
9.575,199.83612388390202,109.40981348116244,0.060043070358531195,-0.1505175684317603,1.6173922775500202,-0.044512180394738726,17.634200832745034,1.0733762269908391,-0.06839744302745446,-0.04529048557852311
9.6,199.82066521955232,109.85075323591619,0.08899435985338398,-0.15934803138495685,1.6135180187772675,-0.04603124454278944,17.66102109851794,1.0722456315641147,-0.047783912563101764,-0.04514669678052511
9.625,199.8065401194244,110.29240454851141,0.11866473372503414,-0.16752849532952227,1.609430282433521,-0.04682868762192698,17.687813148180712,1.0711190218373208,-0.015710669741923377,-0.044980696971734915
9.65,199.79379063967497,110.73476373191183,0.1491779592532541,-0.1746538323047785,1.6051504107341965,-0.04682158181878836,17.714577084790662,1.0699965746114453,0.013579815254762085,-0.04482750170326058
9.675,199.78243234037458,111.17782609814762,0.18045372613350205,-0.18041297284714922,1.6007090022188377,-0.04617191848573733,17.741313004099794,1.0688775342661672,0.03829261868733231,-0.04469537011040509
9.7,199.77246108670371,111.62158660783696,0.21222619455050395,-0.18462214110526418,1.5961427044137642,-0.04494222124694319,17.76802099029252,1.067761968880153,0.05970176415588581,-0.04454811478659467
9.725,199.7638582515018,112.06604029828179,0.24414898840633312,-0.18715933389877773,1.5914916779010078,-0.04321311383174603,17.79470113544779,1.06665033746677,0.07786089608563969,-0.04438598130926589
9.75,199.75659250589743,112.51118253078211,0.2757921553112347,-0.18798209297312132,1.5867985321325688,-0.04111864286006752,17.821353538453742,1.0655425876936067,0.08547748710593209,-0.04424538146404287
9.775,199.7506247495489,112.95700924333964,0.3066141702450926,-0.1871851028070661,1.5821060543341403,-0.03893290205046386,17.847978288505907,1.0644379546943497,0.08690550445222711,-0.044117422069532786
9.8,199.74592112674594,113.4035169180498,0.3360851839957315,-0.18496451310508713,1.5774516980112367,-0.03675543672924147,17.874575466402774,1.0633367691148465,0.08725582163700203,-0.04396643005711189
9.825,199.74245150958924,113.8507025419788,0.3637473915798018,-0.18153170512127603,1.5728681906136095,-0.03457399915486401,17.90114516540628,1.062239500715411,0.08725857181700912,-0.043808009839421055
9.85,199.74018883375265,114.29856335064666,0.3892648947376158,-0.17704952223981155,1.5683838717444725,-0.032392527867708514,17.92768747770945,1.0611460782282505,0.08725943824821202,-0.04368017416705651
9.875,199.73910746051916,114.74709668473484,0.41237918153521047,-0.1716661347116382,1.5640231643080225,-0.030211041636678995,17.95420249308741,1.0600559596940868,0.08726004787195404,-0.04355616916207578
9.9,199.73918168160935,115.19629997092537,0.4328988316386324,-0.16551060053757438,1.5598071759152214,-0.028029540538956187,17.980690299074713,1.0589692083757496,0.08726002991394145,-0.04340129451709755
9.925,199.74038695197626,115.64617049260082,0.4507086076475949,-0.15869232399122266,1.5557535653730952,-0.025848040584502983,18.00715098151434,1.0578862075590965,0.08725994286913198,-0.04325118360022966
9.95,199.74269761676635,116.09670546481762,0.4657445128401273,-0.1513055532879107,1.551877422170033,-0.02366654685334356,18.03358462904127,1.0568063743669178,0.08725941013926768,-0.043131803915950756
9.975,199.74608475351275,116.54790213382289,0.47797065417437434,-0.143433334331644,1.5481920292128426,-0.021485068783275323,18.059991324543866,1.0557296152858564,0.0872586285392793,-0.04300406152333274
10.0,199.7505161706153,116.99975777706813,0.4873792202006383,-0.13514751593992674,1.544708863748187,-0.019303620217819683,18.086371145160562,1.0546563293781086,0.08725713946906213,-0.04285254622023019
10.0,199.7505161706153,116.99975777706813,0.4873792202006383,-0.13514751593992674,1.544708863748187,-0.019303620217819683,18.086371145160562,1.0546563293781086,0.0355613763951362,-0.04328606739827794
10.025,199.75596664741383,117.45226938643603,0.49365039804958155,-0.1269240848023502,1.5414339928106935,-0.01840011176819128,18.112724098743136,1.0535823416014212,0.037109705611737924,-0.04275201662950854
10.05,199.7624422124622,117.90543291963975,0.4967655150736048,-0.11914593918456232,1.5383589728990337,-0.01744468369203942,18.139050307349528,1.0525154572783113,0.039037151658739534,-0.04257414428962475
10.075,199.76994845407575,118.35924418378691,0.4971441792611898,-0.11174273040395374,1.5354735558339732,-0.016452692031140186,18.16534989165543,1.051451130717688,0.039640687133213046,-0.04247050450337715
10.1,199.77848259251118,118.81369911175598,0.4951347557405757,-0.10466631095314474,1.532769094813794,-0.015465414892386242,18.19162291628795,1.0503915168838691,0.03909551551011173,-0.042339821761154736
10.125,199.7880361435442,119.26879383524414,0.49102408686082577,-0.09789796494810526,1.5302376774873034,-0.014505336885576925,18.21786948838648,1.0493346592158503,0.03757030759536183,-0.04219887313425148
10.15,199.79859679408455,119.72452468525196,0.48506385996399554,-0.09143184319851373,1.52787167210611,-0.01359390388782107,18.244089680181393,1.0482810122979926,0.03522849390845159,-0.042101156269077046
10.175,199.8101491669548,120.18088822369752,0.47747374353921246,-0.08527606570022216,1.5256634766122477,-0.012750618055396937,18.27028357041545,1.0472303237029685,0.03222570174691006,-0.04193834320911032
10.2,199.8226764378298,120.63788123054826,0.46845432865261205,-0.07944681560333022,1.5236051563323583,-0.011988143032338576,18.29645123875105,1.0461835989883637,0.02868615579494932,-0.041855810493471514
10.225,199.836161413123,121.09550067936875,0.4581952482882138,-0.07396424154394671,1.5216882720126932,-0.011317611643467678,18.322592771579153,1.045140067711186,0.024827138400670155,-0.041714477548054046
10.25,199.85058667204336,121.55374373838784,0.4468752688722397,-0.06885205103837176,1.5199038810346608,-0.010746342990941281,18.348708258707756,1.0440993805229073,0.020797812082037598,-0.04161184575513022
10.275,199.86593520470393,122.01260777024032,0.4346675099840158,-0.06413403676323845,1.5182424011175542,-0.010276646653071132,18.374797754675978,1.043061186044644,0.01674534357864133,-0.04151829813861848
10.3,199.88219086748853,122.47209030278394,0.42174328342660256,-0.05982991788174205,1.5166937105598797,-0.009909375244366287,18.400861286882844,1.0420224143725885,0.01281545551327642,-0.04137716837151881
10.325,199.89933859160695,122.93218901887363,0.4082702742405393,-0.0559544940553162,1.5152473091397118,-0.009638261002031296,18.426898875414217,1.0409839685072804,0.00915307575771992,-0.04143964390848705
10.35,199.91736433985355,123.3929017603785,0.39441228819374424,-0.052517311752832245,1.5138923671848419,-0.009450878227078532,18.452910467469675,1.0399386029720734,0.005911288057158266,-0.04120376756723191
10.375,199.93625494655547,123.85422651620406,0.3803330326832329,-0.04951640277827009,1.5126179456670854,-0.009336164796692623,18.47889565648394,1.0388640068933384,0.0033001683885258834,-0.0420725133748077
10.4,199.95599791524748,124.31616140465391,0.3661958381411068,-0.04693682768852236,1.5114131251238723,-0.009277682349303828,18.504854742474567,1.0378396118367665,0.0014252420830912162,-0.042471724948307185
10.425,199.97658053485392,124.77870476838231,0.35215131739155836,-0.04475474941185404,1.5102676938632331,-0.009256431636808027,18.53078881899232,1.0369008764139593,0.0004373326953344167,-0.03786886654598681
10.45,199.9979897953915,125.24185518370996,0.33833638192183774,-0.042937571476968354,1.5091722197284076,-0.009251804815568924,18.556699720245405,1.0360197286497137,0.0002151139261940433,-0.03548710706897463
10.475,200.02021226115744,125.7056114538179,0.32487556876391077,-0.041443112904700354,1.5081180814307222,-0.009246648044519253,18.582589104659075,1.0351337394662052,0.0002151139261940433,-0.03548710706897463
10.5,200.0432333834,126.16997257678706,0.3118748233955066,-0.04022558294955918,1.507097757959604,-0.009241270196364402,18.60845635842477,1.0342465617894807,0.0002151139261940433,-0.03548710706897463
