"t","x","y","v","r","psi","sa","ux","ax","sr","jx"
0.0,200.0,0.0,0.0,0.0,1.5707963267948966,0.0,17.0,0.0,0.0,0.0
0.021739130434782594,200.00004533559752,0.3695652174026589,-0.0041989713144597275,4.472994251138887e-5,1.5707968290531882,0.0,17.0,0.0,0.0,0.0
0.043478260869565244,200.000176981293,0.7391304349525792,-0.008104111054342696,8.124768223587862e-5,1.570798212106252,0.0,17.0,0.0,0.0,0.0
0.06521739130434784,200.00038872099205,1.1086956529686665,-0.011734244468411904,0.00011077247762777892,1.5708003108290607,0.0,17.0,0.0,0.0,0.0
0.08695652173913043,200.0006747568335,1.4782608718921928,-0.015107228653999345,0.00013435608486946977,1.5708029850803418,0.0,17.0,0.0,0.0,0.0
0.10869565217391303,200.0010296818959,1.847826092220016,-0.018239971599188665,0.00015290605968133823,1.5708061160469118,0.0,17.0,0.0,0.0,0.0
0.13043478260869568,200.00144845543096,2.2173913144723905,-0.021148440371000988,0.00016720991777059902,1.5708096024551554,0.0,17.0,0.0,0.0,0.0
0.15217391304347827,200.00192638806735,2.586956539159101,-0.02384769618019055,0.00017794041337421715,1.5708133597758562,0.0,17.0,0.0,0.0,0.0
0.17391304347826086,200.00245911529566,2.956521766755227,-0.026351927036269457,0.00018567439738708874,1.5708173173031064,0.0,17.0,0.0,0.0,0.0
0.19565217391304346,200.00304257128397,3.3260869976970677,-0.02867447344249607,0.0001909136358023376,1.5708214149260102,0.0,17.0,0.0,0.0,0.0
0.2173913043478261,200.00367297529777,3.6956522323768053,-0.030827861724897442,0.0001940896214557499,1.5708256024172924,0.0,17.0,0.0,0.0,0.0
0.2391304347826087,200.0043468279144,4.065217471121947,-0.03282383022977203,0.0001955596055846246,1.5708298400804082,0.0,17.0,0.0,0.0,0.0
0.2608695652173913,200.00506087066879,4.43478271420924,-0.03467339193816809,0.00019563211862245526,1.5708340948423745,0.0,17.0,0.0,0.0,0.0
0.2826086956521739,200.00581206904863,4.804347961870449,-0.03638686332286635,0.00019457699613573514,1.5708383387247555,0.0,17.0,0.0,0.0,0.0
0.30434782608695654,200.00659760856692,5.173913214292896,-0.03797387650895902,0.00019262605743657594,1.5708425487539832,0.0,17.0,0.0,0.0,0.0
0.32608695652173914,200.00741488070582,5.543478471612886,-0.03944344071528308,0.00018997004520477436,1.5708467075196009,0.0,17.0,0.0,0.0,0.0
0.34782608695652173,200.0082614836751,5.9130437339162105,-0.040803931194079816,0.00018676102252430224,1.5708508027831778,0.0,17.0,0.0,0.0,0.0
0.3695652173913043,200.00913517531743,6.282609001260777,-0.04206319438670082,0.00018313284835993357,1.570854824423728,0.0,17.0,0.0,0.0,0.0
0.391304347826087,200.01003386822123,6.652174273678343,-0.043228560547971306,0.00017920278483414553,1.5708587642037986,0.0,17.0,0.0,0.0,0.0
0.41304347826086957,200.01095562970715,7.021739551174502,-0.04430684383928822,0.0001750714845715799,1.570862615771573,0.0,17.0,0.0,0.0,0.0
0.43478260869565216,200.01189867670217,7.391304833725808,-0.04530437810928324,0.00017081789105224233,1.5708663755056624,0.0,17.0,0.0,0.0,0.0
0.45652173913043476,200.0128613619106,7.760870121285383,-0.0462270567280065,0.00016650253609333751,1.5708700420540294,0.0,17.0,0.0,0.0,0.0
0.4782608695652174,200.01384215419222,8.130435413794025,-0.04708036954118096,0.00016217819592848794,1.5708736147210853,0.0,17.0,0.0,0.0,0.0
0.5,200.01483963315144,8.500000711180105,-0.04786942651179557,0.0001578887844559141,1.570877093672859,0.0,17.0,0.0,0.01830141723984421,0.04659379149135962
0.5217391304347826,200.01585000145786,8.869560670262024,-0.04848352698850324,0.00028606749714274736,1.5708814481510454,0.00040107145787811755,16.999263335599483,-0.06764624082041068,0.01830141723984421,0.04659379149135962
0.5434782608695652,200.0168600023155,9.239088697305768,-0.04887919008624724,0.000660749594544838,1.570891317058453,0.0008085720384757687,16.997064375791584,-0.13453117747981894,0.01830141723984421,0.04659379149135962
0.5652173913043479,200.0178549258066,9.608553190118965,-0.04914942324777139,0.0012568856742704634,1.5709117803926167,0.0012225017417929521,16.993419670666746,-0.20065480997822455,0.01830141723984421,0.04659379149135962
0.5869565217391304,200.0188209382973,9.977922910369715,-0.0493723026070842,0.0020524850315834053,1.5709474094955442,0.0016428605678296677,16.988345770315433,-0.26601713831562745,0.01830141723984421,0.04659379149135962
0.6086956521739131,200.0197448808534,10.34716698209186,-0.049612843477993926,0.003028332567068149,1.5710023245613725,0.002069648516585918,16.981859224828103,-0.3306181624920279,0.01830141723984421,0.04659379149135962
0.6304347826086957,200.02061404360254,10.716254889759147,-0.04992513043745954,0.004167630404416422,1.5710802610380479,0.0025028655880617,16.973976584295208,-0.3944578825074254,0.01830141723984421,0.04659379149135962
0.6521739130434783,200.02141604783344,11.085156476755449,-0.05035347622112054,0.0054558087486162605,1.5711846067639252,0.0029425117822570145,16.964714398807207,-0.4575362983618204,0.01830141723984421,0.04659379149135962
0.6739130434782609,200.02213868051103,11.453841943155933,-0.050934071951792594,0.006880226381371937,1.5713184553462902,0.0033885870991718584,16.954089218454556,-0.5198534100552126,0.01830141723984421,0.04659379149135962
0.6956521739130435,200.02276973911634,11.822281843898516,-0.05169652103309354,0.008429865442994221,1.571484655498384,0.003841091538806241,16.942117593327712,-0.5814092175876028,0.01830141723984421,0.04659379149135962
0.7173913043478262,200.0232970297553,12.190447087467025,-0.052663971477572194,0.010095326346862965,1.5716858174983073,0.004300025101160155,16.928816073517133,-0.6422037209589901,0.01830141723984421,0.04659379149135962
0.7391304347826086,200.02370822795848,12.558308933252036,-0.05385458165051014,0.011868520707708184,1.571924361915347,0.004765387786233595,16.91420120911327,-0.702236920169374,0.01830141723984421,0.04659379149135962
0.7608695652173914,200.0239907524986,12.925838989495588,-0.055282824074626945,0.01374238355360112,1.5722025625187288,0.005237179594026577,16.898289550206584,-0.7615088152187564,0.01830141723984421,0.04659379149135962
0.7826086956521738,200.02413176940547,13.293009211737997,-0.05695957434049637,0.01571084991604866,1.5725225513113652,0.005715400524539085,16.881097646887532,-0.8200194061071352,0.01830141723984421,0.04659379149135962
0.8043478260869565,200.02411823665489,13.65979190196699,-0.05889176959569375,0.017768946027447458,1.5728863092506427,0.006200050577771129,16.86264204924657,-0.877768692834512,0.01830141723984421,0.04659379149135962
0.8260869565217391,200.02393673334598,14.026159703556429,-0.06108430040421266,0.019912333366093833,1.5732957299451922,0.006691129753722704,16.842939307374156,-0.9347566754008858,0.01830141723984421,0.04659379149135962
0.8478260869565217,200.02357341778162,14.392085599836367,-0.06354049286130974,0.022137190254275095,1.5737526361769143,0.007188638052393809,16.822005971360745,-0.9909833538062568,0.01830141723984421,0.04659379149135962
0.8695652173913043,200.02301403460223,14.757542912504626,-0.06626213249248514,0.024440196238348817,1.5742587818116136,0.007692575473784453,16.79985859129679,-1.0464487280506258,0.01830141723984421,0.04659379149135962
0.8913043478260869,200.0222440115588,15.122505299853962,-0.06924867663332193,0.0268187119522642,1.5748158285809113,0.008202942017894626,16.776513717272753,-1.101152798133992,0.01830141723984421,0.04659379149135962
0.9130434782608696,200.02124839224214,15.48694675348173,-0.07249800128234722,0.029270596444041362,1.5754253704513115,0.008719737684724333,16.75198789937909,-1.1550955640563554,0.01830141723984421,0.04659379149135962
0.9347826086956521,200.02001174798082,15.850841590820032,-0.07600759780515406,0.03179388154219427,1.5760889756318626,0.009242962474273569,16.726297687706253,-1.2082770258177158,0.01830141723984421,0.04659379149135962
0.9565217391304348,200.0185181765686,16.21416445493572,-0.07977459543915405,0.03438676530357412,1.5768081874120436,0.009772616386542338,16.699459632344702,-1.2606971834180736,0.01830141723984421,0.04659379149135962
0.9782608695652174,200.01675131318538,16.576890314190145,-0.0837956688186741,0.03704763339425191,1.577584521206831,0.010308699421530646,16.671490283384895,-1.3123560368574294,0.01830141723984421,0.04659379149135962
1.0,200.0146944616301,16.938994455355957,-0.08806602859161737,0.03977528190214174,1.5784194329050047,0.010851211579238481,16.642406190917285,-1.3632535861357822,0.014370665980985046,0.012947370268048524
1.0217391304347827,200.0123322637563,17.300457258681604,-0.09265363203300343,0.042468539976646985,1.5793136160838372,0.011163540085862893,16.612880703977403,-1.3530983105215688,0.014370665980985046,0.012947370268048524
1.0434782608695652,200.00965548095223,17.661278410316076,-0.09757800672959341,0.045038425311178236,1.5802649866387386,0.011475714041345467,16.583575520973383,-1.34298562403628,0.014370665980985046,0.012947370268048524
1.065217391304348,200.0066556048858,18.02146235289128,-0.10276889460898549,0.047500525769006735,1.5812710366071334,0.01178773344568621,16.5544897160546,-1.332915526679916,0.014370665980985046,0.012947370268048524
1.0869565217391304,200.00332323285542,18.381013476958664,-0.10816598159094365,0.04986830821140977,1.5823295517224756,0.012099598298885118,16.525622363370424,-1.3228880184524767,0.014370665980985046,0.012947370268048524
1.108695652173913,199.99964805704997,18.739936113663603,-0.11371896193211324,0.05215308503126251,1.5834386157933653,0.012411308600942195,16.496972537070224,-1.3129030993539619,0.014370665980985046,0.012947370268048524
1.1304347826086958,199.99561911288126,19.09823453371074,-0.11938533464365082,0.05436449927725691,1.5845965450583326,0.012722864351857436,16.468539311303374,-1.3029607693843719,0.014370665980985046,0.012947370268048524
1.1521739130434783,199.99122500337532,19.455912948266224,-0.12512840333702974,0.05651097130476656,1.5858018277353363,0.013034265551630841,16.440321760219245,-1.2930610285437065,0.014370665980985046,0.012947370268048524
1.1739130434782608,199.98645395408224,19.812975507112576,-0.13091677052113504,0.05859980680315893,1.5870531093664586,0.013345512200262413,16.41231895796721,-1.2832038768319658,0.014370665980985046,0.012947370268048524
1.1956521739130435,199.9812936833163,20.169426289766307,-0.13672549871472645,0.06063691544042402,1.588349231001821,0.013656604297752154,16.38452997869663,-1.27338931424915,0.014370665980985046,0.012947370268048524
1.2173913043478262,199.9757317031747,20.525269307710932,-0.14253340109946366,0.06262741848261512,1.5896891468994379,0.01396754184410006,16.356953896556888,-1.2636173407952584,0.014370665980985046,0.012947370268048524
1.2391304347826089,199.9697554566517,20.880508506084286,-0.14832180282599042,0.06457592865739958,1.5910718865899118,0.014278324839306133,16.329589785697355,-1.2538879564702918,0.014370665980985046,0.012947370268048524
1.2608695652173911,199.96335231789337,21.235147763629907,-0.1540745376261713,0.06648655082653986,1.5924965547819754,0.014588953283370365,16.302436720267394,-1.24420116127425,0.014370665980985046,0.012947370268048524
1.2826086956521738,199.95650953966137,21.589190886073364,-0.15977836865092565,0.06836277298770402,1.5939623460497145,0.014899427176292772,16.27549377441638,-1.2345569552071327,0.014370665980985046,0.012947370268048524
1.3043478260869565,199.94921416670246,21.942641599153987,-0.16542382675888068,0.07020725688480575,1.595468573592573,0.015209746518073343,16.248760022293684,-1.22495533826894,0.014370665980985046,0.012947370268048524
1.3260869565217392,199.94145328897085,22.295503554834838,-0.1710028660826679,0.07202237663100126,1.5970145959472295,0.015519911308712081,16.222234538048678,-1.215396310459672,0.014370665980985046,0.012947370268048524
1.3478260869565217,199.93321409607887,22.64778033150308,-0.17650832895761315,0.07381034001711136,1.598599800380149,0.015829921548208982,16.195916395830736,-1.2058798717793289,0.014370665980985046,0.012947370268048524
1.3695652173913044,199.92448387729686,22.999475433969952,-0.1819339459217366,0.07557318851162152,1.6002236028875843,0.01613977723656405,16.169804669789222,-1.1964060222279103,0.014370665980985046,0.012947370268048524
1.391304347826087,199.91525001066856,23.350592292551795,-0.18727442579484027,0.07731277487429977,1.601885451219067,0.016449478373777283,16.143898434073517,-1.1869747618054163,0.014370665980985046,0.012947370268048524
1.4130434782608696,199.9054998392825,23.701134252708762,-0.19252654456128246,0.0790304898882016,1.6035848620718516,0.016759024959848687,16.118196762832984,-1.177586090511847,0.014370665980985046,0.012947370268048524
1.4347826086956523,199.895220782959,24.05110457982362,-0.1976881794232569,0.0807274853234303,1.605321390978297,0.017068416994778256,16.092698730216995,-1.1682400083472022,0.014370665980985046,0.012947370268048524
1.4565217391304346,199.8844004124874,24.400506460844568,-0.20275750807400283,0.08240486265280308,1.6070946061702944,0.017377654478565985,16.067403410374922,-1.1589365153114826,0.014370665980985046,0.012947370268048524
1.4782608695652175,199.87302644347915,24.749343003513186,-0.20773304557290423,0.08406366350093908,1.6089040898167772,0.017686737411211885,16.04230987745614,-1.149675611404687,0.014370665980985046,0.012947370268048524
1.5,199.86108673636804,25.097617236364364,-0.2126136443454894,0.0857048696442591,1.6107494380237206,0.017995665792715953,16.017417205610016,-1.1404572966268165,0.010530673624804568,0.012798503903990474
1.5217391304347827,199.8485698523338,25.445332116321943,-0.2174221743535624,0.08730206719079489,1.6126300482875195,0.018224716533227443,15.99272237835702,-1.1314733818239981,0.010530673624804568,0.012798503903990474
1.5434782608695652,199.83546623650005,25.792490531715806,-0.22216925440481558,0.08883358771867203,1.6145446503969945,0.01845401337977041,15.968222425044837,-1.1225288940717697,0.010530673624804568,0.012798503903990474
1.565217391304348,199.82176669289856,26.13909529502298,-0.22683760687773136,0.09030693517805297,1.6164919338710777,0.018683556332344857,15.943916488563676,-1.113623833370131,0.010530673624804568,0.012798503903990474
1.5869565217391304,199.8074620376488,26.485149147037816,-0.23141261236347588,0.09172887865876599,1.618470700924084,0.018913345390950777,15.919803711803741,-1.104758199719082,0.010530673624804568,0.012798503903990474
1.608695652173913,199.79254309895617,26.830654756871915,-0.2358823096752918,0.09310545238812616,1.6204798664659896,0.019143380555588178,15.895883237655234,-1.0959319931186229,0.010530673624804568,0.012798503903990474
1.6304347826086958,199.7770006215141,27.175614712724357,-0.24023812367987016,0.09444178016562396,1.62251848135129,0.019373661826257056,15.872154209008361,-1.0871452135687536,0.010530673624804568,0.012798503903990474
1.6521739130434783,199.76082521200806,27.520031512987185,-0.24447527449129414,0.09574196355257687,1.6245857471417584,0.01960418920295741,15.848615768753328,-1.0783978610694742,0.010530673624804568,0.012798503903990474
1.6739130434782608,199.74400759872577,27.863907584760806,-0.2485902683238128,0.09700968906234986,1.6266809327569869,0.01983496268568924,15.825267059780337,-1.0696899356207845,0.010530673624804568,0.012798503903990474
1.6956521739130435,199.72653864275256,28.20724528396406,-0.2525806391930756,0.09824829536007085,1.62880336462304,0.020065982274452547,15.802107224979594,-1.0610214372226845,0.010530673624804568,0.012798503903990474
1.7173913043478262,199.70840933961748,28.550046895508746,-0.2564449257820523,0.09946077938123239,1.630952425803336,0.020297247969247336,15.779135407241302,-1.0523923658751746,0.010530673624804568,0.012798503903990474
1.7391304347826086,199.68961082567594,28.89231463439325,-0.26018237259380494,0.10064987939437905,1.6331275436161579,0.0205287597700736,15.756350749455668,-1.0438027215782542,0.010530673624804568,0.012798503903990474
1.7608695652173914,199.67013420518373,29.234050627670243,-0.2637948872012856,0.10181756052401612,1.6353282613391154,0.02076051767693134,15.733752394512896,-1.0352525043319236,0.010530673624804568,0.012798503903990474
1.7826086956521738,199.64997071491106,29.575256930300267,-0.2672850906592889,0.10296551519865528,1.6375541680653085,0.02099252168982056,15.711339485303188,-1.026741714136183,0.010530673624804568,0.012798503903990474
1.8043478260869565,199.6291117891299,29.91593553177843,-0.27065549226207014,0.1040953788819954,1.639804868298284,0.021224771808741254,15.689111164716753,-1.018270350991032,0.010530673624804568,0.012798503903990474
1.8260869565217392,199.60754905961375,30.256088356134374,-0.27390848954334457,0.10520873007292246,1.6420799819520342,0.021457268033693428,15.667066575643792,-1.009838414896471,0.010530673624804568,0.012798503903990474
1.8478260869565217,199.58527435563784,30.595717261932304,-0.27704636827628765,0.10630709030550962,1.6443791443509983,0.021690010364677076,15.645204860974511,-1.0014459058524998,0.010530673624804568,0.012798503903990474
1.8695652173913042,199.56227970288037,30.934824042187177,-0.28007131140918623,0.10739192198172534,1.6467020065203462,0.021922998801692205,15.623525163599114,-0.9930928238591182,0.010530673624804568,0.012798503903990474
1.891304347826087,199.53855715495902,31.273410411068127,-0.2829868310224451,0.10846427362067534,1.6490482830052837,0.02215623334473881,15.602026626407806,-0.9847791689163264,0.010530673624804568,0.012798503903990474
1.9130434782608696,199.51409884452144,31.611478008061315,-0.28579735007442514,0.10952487066452526,1.6514177396639842,0.022389713993816895,15.580708392290791,-0.9765049410241246,0.010530673624804568,0.012798503903990474
1.934782608695652,199.488897119625,31.949028411514732,-0.28850671047384624,0.11057450652485759,1.6538101393597413,0.022623440748926454,15.559569604138275,-0.9682701401825125,0.010530673624804568,0.012798503903990474
1.9565217391304348,199.46294448291852,32.28606313453227,-0.29111860013663676,0.1116139451203858,1.6562252546766971,0.022857413610067493,15.53860940484046,-0.9600747663914901,0.010530673624804568,0.012798503903990474
1.9782608695652173,199.43623359164238,32.622583624973714,-0.2936365529859335,0.11264392087695428,1.6586628679198436,0.023091632577240003,15.517826937287554,-0.9519188196510577,0.010530673624804568,0.012798503903990474
2.0,199.40875725762845,32.95859126545477,-0.2960639489520819,0.11366513872753847,1.6611227711150214,0.023326097650443998,15.497221344369759,-0.9438022999612149,0.0030379537371662234,0.014117396491316499
2.0217391304347827,199.38050959230918,33.29408745642289,-0.29845290619481346,0.11462216673377733,1.6636043267986333,0.023392737803401984,15.476788143473744,-0.9360579264139957,0.0030379537371662234,0.014117396491316499
2.0434782608695654,199.3514885265182,33.62907377715386,-0.3008292082523371,0.11546980184397786,1.6661054723716169,0.02346057331718176,15.456522923919508,-0.9283480165175548,0.0030379537371662234,0.014117396491316499
2.0652173913043477,199.3216925636184,33.963551788896304,-0.30316053118358655,0.11622288594431816,1.668624044374416,0.02352960419178332,15.43642493649725,-0.9206725702718928,0.0030379537371662234,0.014117396491316499
2.0869565217391304,199.29112000228653,34.29752299866364,-0.3054197691214503,0.11689468191144646,1.6711581125836945,0.023599830427206675,15.416493431997173,-0.9130315876770089,0.0030379537371662234,0.014117396491316499
2.108695652173913,199.25976893190602,34.63098885849171,-0.30758506564054894,0.11749686644213554,1.6737059809389105,0.023671252023451817,15.396727661209475,-0.9054250687329035,0.0030379537371662234,0.014117396491316499
2.130434782608696,199.22763702076972,34.963950730407944,-0.30964140123087097,0.11803915079881484,1.6762662374058641,0.023743868980518747,15.37712687492436,-0.8978530134395765,0.0030379537371662234,0.014117396491316499
2.1521739130434785,199.19472163455598,35.296409894114184,-0.3115794212957957,0.1185295566114173,1.6788377155076768,0.023817681298407466,15.357690323932024,-0.8903154217970279,0.0030379537371662234,0.014117396491316499
2.1739130434782608,199.16102017572172,35.628367590740915,-0.3133920378118776,0.11897527207405846,1.6814193764108685,0.023892688977117972,15.338417259022672,-0.8828122938052579,0.0030379537371662234,0.014117396491316499
2.1956521739130435,199.12653008392388,35.95982502208145,-0.3150742983200364,0.11938269234241242,1.6840103028708264,0.02396889201665027,15.319306930986501,-0.8753436294642664,0.0030379537371662234,0.014117396491316499
2.217391304347826,199.0912488575116,36.29078335428614,-0.31662304893800036,0.11975751499806868,1.6866096856552462,0.024046290417004356,15.300358590613712,-0.8679094287740531,0.0030379537371662234,0.014117396491316499
2.2391304347826084,199.05517392013985,36.621243696154124,-0.31803805255270196,0.12010445779322554,1.6892168612856688,0.02412488417818023,15.281571488694507,-0.8605096917346184,0.0030379537371662234,0.014117396491316499
2.2608695652173916,199.01830259719446,36.95120709316333,-0.319322323876038,0.12042715394746568,1.6918313265154548,0.024204673300177896,15.262944876019086,-0.853144418345962,0.0030379537371662234,0.014117396491316499
2.282608695652174,198.98063237591518,37.28067456970257,-0.32047903987775445,0.12072898534314996,1.694452622067695,0.024285657782997346,15.244478003377647,-0.8458136086080842,0.0030379537371662234,0.014117396491316499
2.3043478260869565,198.94216091501076,37.6096471306625,-0.32151141916611364,0.12101311549168703,1.6970803280171831,0.024367837626638588,15.226170121560395,-0.8385172625209848,0.0030379537371662234,0.014117396491316499
2.3260869565217392,198.90288604465877,37.93812576143558,-0.32242272198789407,0.12128248953353316,1.6997140637904151,0.024451212831101618,15.208020481357527,-0.8312553800846638,0.0030379537371662234,0.014117396491316499
2.3478260869565215,198.86280576612486,38.2661114278699,-0.3232162526541821,0.12153983372936583,1.7023534882298539,0.024535783396386436,15.190028333559244,-0.8240279612991213,0.0030379537371662234,0.014117396491316499
2.369565217391304,198.82191806418533,38.59360505161841,-0.32389676132933193,0.12178732811213032,1.7049983424909885,0.024621549322493046,15.172192928955749,-0.8168350061643571,0.0030379537371662234,0.014117396491316499
2.391304347826087,198.78022089172887,38.9206075056946,-0.3244708493733244,0.12202646235697719,1.7076484704346033,0.024708510609421443,15.154513518337238,-0.8096765146803714,0.0030379537371662234,0.014117396491316499
2.413043478260869,198.73771238776519,39.247119650096394,-0.32494463758013087,0.12225866062773103,1.7103037324581847,0.024796667257171626,15.136989352493915,-0.8025524868471643,0.0030379537371662234,0.014117396491316499
2.4347826086956523,198.69439081836288,39.57314232668149,-0.3253239298944426,0.12248527930541481,1.7129640041684624,0.024886019265743603,15.119619682215978,-0.7954629226647354,0.0030379537371662234,0.014117396491316499
2.4565217391304346,198.65025457664944,39.89867635916723,-0.32561421341167013,0.12270760698824984,1.7156291763814098,0.024976566635137365,15.102403758293631,-0.7884078221330851,0.0030379537371662234,0.014117396491316499
2.4782608695652173,198.6053021828113,40.22372255313075,-0.32582065837794394,0.12292686449165587,1.7182991551222433,0.025068309365352915,15.08534083151707,-0.7813871852522133,0.0030379537371662234,0.014117396491316499
2.5,198.5595322840938,40.54828169600885,-0.325948118190114,0.12314420484825093,1.720973861625423,0.02516124745639026,15.0684301526765,-0.7744010120221198,-0.022784959757534747,0.02351377672049176
2.5217391304347823,198.51294733752542,40.87235532342038,-0.3261716577217297,0.12316346915262265,1.7236517651102436,0.024668324249959156,15.051697929552422,-0.7649706863318853,-0.022784959757534747,0.02351377672049176
2.5434782608695654,198.46556299316762,41.195947791414845,-0.32657184969539677,0.12282599803818552,1.7263261421338283,0.02418020505490645,15.035170245838643,-0.7555833862745868,-0.022784959757534747,0.02351377672049176
2.5652173913043477,198.41739664185607,41.519064004129405,-0.3270282017139359,0.12218425086024826,1.7289898500464222,0.02369688987123219,15.018846166195317,-0.746239111850225,-0.022784959757534747,0.02351377672049176
2.5869565217391304,198.36846415037448,41.84170873104392,-0.3274424048362508,0.12128416188712908,1.73163669798271,0.02321837869893633,15.002724755282598,-0.7369378630587994,-0.022784959757534747,0.02351377672049176
2.608695652173913,198.31877966268416,42.16388654434079,-0.32773963299473585,0.12016480805389332,1.7342614846385473,0.022744671538018894,14.986805077760637,-0.7276796399003101,-0.022784959757534747,0.02351377672049176
2.6304347826086953,198.26835589230626,42.48560183950423,-0.32786534887141483,0.11885917928347989,1.7368598843014682,0.022275768388479885,14.971086198289592,-0.7184644423747574,-0.022784959757534747,0.02351377672049176
2.6521739130434785,198.217204946093,42.806858976205014,-0.32777713312976664,0.11739627217229182,1.7394281598018688,0.021811669250319275,14.955567181529611,-0.7092922704821406,-0.022784959757534747,0.02351377672049176
2.6739130434782608,198.16533844009382,43.127662294409305,-0.3274432870121212,0.115801465317601,1.741963109775537,0.021352374123537105,14.940247092140853,-0.7001631242224606,-0.022784959757534747,0.02351377672049176
2.6956521739130435,198.11276735262652,43.44801607153422,-0.3268437935420678,0.11409627746301756,1.7444620968884395,0.02089788300813334,14.925124994783468,-0.6910770035957168,-0.022784959757534747,0.02351377672049176
2.717391304347826,198.05950203597124,43.767924514262376,-0.3259699711024175,0.11229844192628857,1.7469230341217534,0.020448195904107996,14.910199954117612,-0.6820339086019093,-0.022784959757534747,0.02351377672049176
2.739130434782609,198.00555291000356,44.08739189193081,-0.3248168971373263,0.11042394423190446,1.7493441054120145,0.02000331281146107,14.895471034803437,-0.6730338392410382,-0.022784959757534747,0.02351377672049176
2.760869565217391,197.9509305035064,44.40642254437864,-0.3233829464679188,0.1084871471752844,1.7517237484716304,0.01956323373019258,14.880937301501097,-0.6640767955131036,-0.022784959757534747,0.02351377672049176
2.782608695652174,197.89564542522228,44.72502087600293,-0.3216699419204381,0.10650076198648681,1.754060657901528,0.019127958660302487,14.866597818870744,-0.6551627774181051,-0.022784959757534747,0.02351377672049176
2.8043478260869565,197.83970797375795,45.04319127180885,-0.31968604899773884,0.10447513679796222,1.7563538743438358,0.018697487601790817,14.852451651572535,-0.6462917849560431,-0.022784959757534747,0.02351377672049176
2.8260869565217392,197.78312837733566,45.36093814311868,-0.31744385642841977,0.10241869425923973,1.7586027264305586,0.018271820554657568,14.83849786426662,-0.6374638181269173,-0.022784959757534747,0.02351377672049176
2.8478260869565215,197.72591708664595,45.678265992934115,-0.314956292329587,0.10033912991056246,1.760806663721712,0.017850957518902744,14.824735521613155,-0.6286788769307282,-0.022784959757534747,0.02351377672049176
2.8695652173913047,197.66808476866558,45.99517941517331,-0.31223646941796146,0.0982434732357434,1.7629652473847777,0.017434898494526323,14.811163688272291,-0.619936961367475,-0.022784959757534747,0.02351377672049176
2.891304347826087,197.60964230665752,46.31168309467081,-0.30929768500987975,0.09613808766216593,1.7650781501947037,0.017023643481528343,14.797781428904186,-0.6112380714371586,-0.022784959757534747,0.02351377672049176
2.9130434782608696,197.550600705867,46.62778178756786,-0.30615415946009594,0.0940284821405605,1.7671451801970888,0.01661719247990876,14.784587808168988,-0.6025822071397782,-0.022784959757534747,0.02351377672049176
2.9347826086956523,197.49097086065183,46.943480273474734,-0.3028227487636001,0.09191886680511373,1.7691663348422724,0.016215545489667606,14.771581890726853,-0.5939693684753342,-0.022784959757534747,0.02351377672049176
2.9565217391304346,197.43076388969766,47.2587834271377,-0.2993194879205282,0.08981311173573407,1.7711416727791205,0.015818702510804875,14.758762741237938,-0.5853995554438268,-0.022784959757534747,0.02351377672049176
2.9782608695652177,197.36999104332966,47.57369619979055,-0.2956599201706973,0.08771471634037671,1.7730713145840622,0.015426663543320548,14.74612942436239,-0.5768727680452553,-0.022784959757534747,0.02351377672049176
3.0,197.30866369388812,47.88822361715822,-0.29185916676311324,0.08562679250760989,1.774955444840166,0.015039428587214654,14.733681004760369,-0.5683890062796206,-0.018843389418703387,0.023737306914949848
3.0217391304347827,197.2467934912453,48.20237046481577,-0.2879400048051543,0.0835473396021405,1.776794277881018,0.014631963292947749,14.721369710668249,-0.564252094685105,-0.018843389418703387,0.023737306914949848
3.043478260869565,197.18439284670563,48.51614035485731,-0.2839224251746385,0.0814743233679709,1.7785879703834537,0.014228845210960241,14.709148216100596,-0.5601274500287472,-0.018843389418703387,0.023737306914949848
3.065217391304348,197.1214743859059,48.82953666177121,-0.2798168109955834,0.0794103166116066,1.7803366995598366,0.013830074341252104,14.697016254384838,-0.5560150723105471,-0.018843389418703387,0.023737306914949848
3.0869565217391304,197.05805076066613,49.14256283086762,-0.2756332223419569,0.07735762812426666,1.7820406841017782,0.01343565068382337,14.68497355884841,-0.5519149615305052,-0.018843389418703387,0.023737306914949848
3.108695652173913,196.99413464898925,49.45522237827857,-0.271381396237676,0.07531830268188337,1.7837001841801396,0.013045574238674017,14.673019862818743,-0.547827117688621,-0.018843389418703387,0.023737306914949848
3.130434782608696,196.92973872208566,49.767518881775096,-0.26707087545815883,0.07329410818036765,1.7853155019792124,0.01265984500580404,14.661154899623266,-0.5437515407848946,-0.018843389418703387,0.023737306914949848
3.1521739130434785,196.86487563325775,50.079455978610554,-0.26271117458800436,0.07128646491147138,1.7868869903939295,0.012278462985213456,14.649378402589413,-0.5396882308193263,-0.018843389418703387,0.023737306914949848
3.1739130434782608,196.79955803274046,50.39103736661461,-0.25831135993289556,0.06929660173409882,1.788415031284395,0.01190142817690227,14.637690105044614,-0.5356371877919157,-0.018843389418703387,0.023737306914949848
3.1956521739130435,196.73379853257646,50.7022667928934,-0.2538800013541094,0.06732562564587247,1.789900024534197,0.01152874058087046,14.6260897403163,-0.5315984117026631,-0.018843389418703387,0.023737306914949848
3.217391304347826,196.66760970655275,51.013148053810646,-0.2494251723811938,0.06537452182130687,1.791342388042848,0.01116040019711804,14.614577041731902,-0.5275719025515683,-0.018843389418703387,0.023737306914949848
3.2391304347826084,196.60100409020046,51.32368499498773,-0.2449544502119676,0.06344415361180852,1.7927425577257854,0.010796407025645017,14.603151742618854,-0.5235576603386315,-0.018843389418703387,0.023737306914949848
3.2608695652173916,196.5339941341147,51.63388149615945,-0.24047515319601356,0.0615352359669832,1.7941009900730547,0.010436761066451354,14.591813576304585,-0.5195556850638523,-0.018843389418703387,0.023737306914949848
3.282608695652174,196.46659222157896,51.94374147572145,-0.2359942742945264,0.059648318164282024,1.7954181637941404,0.0100814623195371,14.580562276116526,-0.5155659767272311,-0.018843389418703387,0.023737306914949848
3.3043478260869565,196.3988107682213,52.25326891962012,-0.2315178139572788,0.05778390992949392,1.7966945643281964,0.009730510784902223,14.569397575382109,-0.5115885353287679,-0.018843389418703387,0.023737306914949848
3.3260869565217392,196.33066207081117,52.562467831349444,-0.22705144272430863,0.05594245546352018,1.7979306845183158,0.009383906462546736,14.558319207428767,-0.5076233608684625,-0.018843389418703387,0.023737306914949848
3.347826086956522,196.26215830261293,52.8713422304389,-0.22260052348612575,0.054124331653892924,1.7991270247623734,0.009041649352470633,14.547326905583928,-0.5036704533463149,-0.018843389418703387,0.023737306914949848
3.3695652173913047,196.19331151338574,53.17989615245342,-0.21817011148371204,0.05232984807477512,1.800284093013026,0.008703739454673919,14.536420403175027,-0.49972981276232525,-0.018843389418703387,0.023737306914949848
3.391304347826087,196.1241336293836,53.488133648993454,-0.21376495430852155,0.05055924698696068,1.8014024047777122,0.0083701767691566,14.525599433529493,-0.49580143911649355,-0.018843389418703387,0.023737306914949848
3.4130434782608696,196.05463645335533,53.79605878769492,-0.2093894919024801,0.04881270333787426,1.8024824831186528,0.008040961295918662,14.514863729974758,-0.4918853324088197,-0.018843389418703387,0.023737306914949848
3.434782608695652,195.9848316645518,54.10367565223027,-0.20504785651260324,0.04709032476954703,1.8035248586517687,0.0077160930349601115,14.504213025838252,-0.4879814926393037,-0.018843389418703387,0.023737306914949848
3.456521739130435,195.91473087421082,54.41098834879267,-0.20074350632192503,0.045392223137895635,1.8045300596931924,0.007395571986280937,14.49364705444741,-0.48408991980794547,-0.018843389418703387,0.023737306914949848
3.4782608695652177,195.8443455863969,54.71800099082466,-0.1964793784204106,0.04371852194144037,1.8054986105062887,0.007079398149881157,14.483165549129659,-0.4802106139147452,-0.018843389418703387,0.023737306914949848
3.5,195.77368712374357,55.02471768587529,-0.19225835814251016,0.04206927622179658,1.8064310421247296,0.00676757152576077,14.472768243212434,-0.47634357495970286,-0.008846821095230047,0.021558516231293495
3.5217391304347827,195.70276591524367,55.33114226310161,-0.18804873005918005,0.040484260370172276,1.8073281949539368,0.0065767954624078905,14.462441844234833,-0.4736855534116052,-0.008846821095230047,0.021558516231293495
3.5434782608695654,195.6315897450507,55.63727755944139,-0.18383692423995268,0.03899495073850946,1.8081919455686986,0.006389111667794039,14.45217320078445,-0.4710300664555083,-0.008846821095230047,0.021558516231293495
3.5652173913043477,195.56016597942033,55.943126243048575,-0.17964941677522303,0.0375899861403652,1.8090242343190692,0.00620452014191922,14.441962257761462,-0.4683771140914124,-0.008846821095230047,0.021558516231293495
3.5869565217391304,195.4885021414312,56.24869104671735,-0.17550813065681173,0.03625941106343153,1.8098268065018992,0.006023020884783426,14.431808960066041,-0.46572669631931735,-0.008846821095230047,0.021558516231293495
3.608695652173913,195.41660595118333,56.553974778088566,-0.17143014209746957,0.03499474762592858,1.8106012036217665,0.005844613896386658,14.421713252598362,-0.46307881313922306,-0.008846821095230047,0.021558516231293495
3.630434782608696,195.34448536049717,56.85898032919514,-0.16742747379442893,0.03378905160580986,1.8113487575178513,0.005669299176728918,14.411675080258597,-0.46043346455112966,-0.008846821095230047,0.021558516231293495
3.6521739130434785,195.27214830481017,57.16371061246901,-0.16350950764423502,0.03263627557412529,1.8120706746030115,0.005497076725810206,14.401694387946922,-0.45779065055503715,-0.008846821095230047,0.021558516231293495
3.6739130434782608,195.19960265074258,57.46816854677306,-0.15968356927094862,0.03153110681694596,1.812768057706528,0.005327946543630526,14.391771120563508,-0.45515037115094553,-0.008846821095230047,0.021558516231293495
3.6956521739130435,195.12685618446062,57.772357053508145,-0.15595512807174847,0.030468904987907882,1.8134419147037528,0.005161908630189867,14.381905223008532,-0.4525126263388547,-0.008846821095230047,0.021558516231293495
3.717391304347826,195.05391671839718,58.07627908403887,-0.1523267846277236,0.029445984808659672,1.8140931221100451,0.004998962985488239,14.372096640182166,-0.44987741611876475,-0.008846821095230047,0.021558516231293495
3.7391304347826084,194.98079197492575,58.379937588009014,-0.14879951393461854,0.02845927217739429,1.814722470813146,0.004839109609525642,14.362345316984586,-0.4472447404906757,-0.008846821095230047,0.021558516231293495
3.7608695652173916,194.90748947688698,58.68333548313738,-0.14537389480977997,0.02750595228694169,1.8153307128647969,0.0046823485023020665,14.352651198315963,-0.4446145994545874,-0.008846821095230047,0.021558516231293495
3.782608695652174,194.8340165474034,58.98647565516554,-0.142050112088512,0.026583468985453218,1.8159185615662277,0.004528679663817525,14.343014229076473,-0.4419869930105001,-0.008846821095230047,0.021558516231293495
3.8043478260869565,194.76038031498402,59.28936095895422,-0.13882792561469362,0.025689530899614177,1.816486690730129,0.004378103094072007,14.33343435416629,-0.4393619211584136,-0.008846821095230047,0.021558516231293495
3.8260869565217392,194.68658782651002,59.591994244880155,-0.13570576762975803,0.024822339737510433,1.8170357057350075,0.004230618793065518,14.323911518485586,-0.43673938389832795,-0.008846821095230047,0.021558516231293495
3.8478260869565215,194.6126460058822,59.894378349293206,-0.132680967518447,0.0239805630475863,1.817566146893196,0.004086226760798059,14.314445666934537,-0.4341193812302432,-0.008846821095230047,0.021558516231293495
3.869565217391304,194.53856156461762,60.19651606804775,-0.12975092832167737,0.023162967452504277,1.8180785381289195,0.003944926997269627,14.305036744413314,-0.4315019131541593,-0.008846821095230047,0.021558516231293495
3.891304347826087,194.46434100613033,60.498410156671774,-0.12691316943255984,0.022368395181158164,1.8185733902812116,0.003806719502480222,14.295684695822095,-0.4288869796700762,-0.008846821095230047,0.021558516231293495
3.9130434782608696,194.3899906257314,60.80006333036689,-0.12416532659639852,0.021595764068673022,1.819051201103914,0.0036716042764298458,14.28638946606105,-0.426274580777994,-0.008846821095230047,0.021558516231293495
3.9347826086956523,194.31551651081648,61.10147826405351,-0.12150515012413451,0.02084406806303126,1.8195124552001631,0.003539581319118494,14.277151000030356,-0.4236647164779126,-0.008846821095230047,0.021558516231293495
3.9565217391304346,194.24092461174305,61.402657609088024,-0.11892984658945939,0.020112562881334374,1.8199576000967697,0.0034106506305461755,14.267969242630185,-0.4210573867698322,-0.008846821095230047,0.021558516231293495
3.9782608695652173,194.16622072965282,61.70360398823805,-0.11643631660774063,0.01940068762405059,1.8203870568662397,0.0032848122107128814,14.258844138760711,-0.41845259165375254,-0.008846821095230047,0.021558516231293495
4.0,194.09141045513135,62.00431997998661,-0.1140218183116052,0.018707865950674262,1.8208012460566363,0.0031620660596186154,14.249775633322109,-0.4158503311296738,-0.008846821095230047,0.021558516231293495
4.021739130434782,194.0164996690132,62.30480825063437,-0.11170461626951765,0.01800975680477028,1.8212003912193104,0.0029712899962657403,14.240764304862552,-0.41319230958157616,-0.008846821095230047,0.021558516231293495
4.043478260869565,193.94149563098614,62.605071846066586,-0.10949233586802953,0.01728676981391523,1.821584081862934,0.0027836062016518854,14.231810731930214,-0.41053682262547925,-0.008846821095230047,0.021558516231293495
4.065217391304348,193.8664056196514,62.90511382976791,-0.10736819278078216,0.016544933269946414,1.8219518542620028,0.0025990146757770656,14.22291485942527,-0.40788387026138334,-0.008846821095230047,0.021558516231293495
4.086956521739131,193.79123658546197,63.20493718933824,-0.10531789942270872,0.015789511806795657,1.822303345126907,0.0024175154186412678,14.214076632247894,-0.4052334524892882,-0.008846821095230047,0.021558516231293495
4.108695652173913,193.7159951336234,63.50454483156481,-0.10332979843706333,0.015024975201617793,1.8226382955114693,0.002239108430244504,14.205295995298258,-0.402585569309194,-0.008846821095230047,0.021558516231293495
4.130434782608695,193.64068748425544,63.80393957026783,-0.10139515841379963,0.014254930679811362,1.8229565590579975,0.0020637937105867678,14.196572893476539,-0.39994022072110064,-0.008846821095230047,0.021558516231293495
4.1521739130434785,193.5653196188449,64.10312416392362,-0.09950684282568993,0.013482469617291448,1.823258056853142,0.0018915712596680521,14.187907271682906,-0.3972974067250081,-0.008846821095230047,0.021558516231293495
4.173913043478261,193.489897324485,64.40210132648117,-0.09765887611363949,0.012710286877734712,1.8235427617409745,0.001722441077488372,14.179299074817537,-0.39465712732091646,-0.008846821095230047,0.021558516231293495
4.195652173913043,193.41442620218305,64.70087372922049,-0.09584635226431487,0.011940708202108862,1.8238106946948547,0.0015564031640477147,14.170748247780605,-0.3920193825088256,-0.008846821095230047,0.021558516231293495
4.217391304347826,193.3389116262772,64.99944398938742,-0.09406577492653388,0.011175605589990745,1.8240619355626424,0.0013934575193460834,14.162254735472283,-0.3893841722887356,-0.008846821095230047,0.021558516231293495
4.239130434782609,193.2633587706368,65.29781467658063,-0.0923148055025181,0.010416466002355351,1.8242966140487764,0.0012336041433834797,14.153818482792747,-0.38675149666064645,-0.008846821095230047,0.021558516231293495
4.260869565217391,193.18777269773605,65.59598833508096,-0.09059140218528608,0.009664629529852621,1.8245148786416483,0.0010768430361599163,14.145439434642169,-0.3841213556245584,-0.008846821095230047,0.021558516231293495
4.282608695652174,193.11215836078526,65.89396748437875,-0.08889379895933065,0.008921295281092418,1.8247168958437225,0.0009231741976753676,14.137117535920723,-0.38149374918047096,-0.008846821095230047,0.021558516231293495
4.304347826086957,193.03652060371235,66.19175461916808,-0.08722050573490302,0.008187521357007396,1.8249028501747322,0.000772597627929844,14.128852731528582,-0.37886867732838436,-0.008846821095230047,0.021558516231293495
4.326086956521739,192.96086412619496,66.48935219937897,-0.08557058898879827,0.00746416065110605,1.8250729523291198,0.0006251133269233585,14.120644966365923,-0.37624614006829876,-0.008846821095230047,0.021558516231293495
4.3478260869565215,192.8851934624358,66.78676264437077,-0.08394386169632272,0.006751810168767718,1.8252274456415047,0.00048072129465590084,14.112494185332917,-0.37362613740021405,-0.008846821095230047,0.021558516231293495
4.369565217391305,192.80951305451708,67.08398835180726,-0.0823402007591981,0.006050996462249286,1.825366582056883,0.0003394215311274646,14.104400333329739,-0.37100866932413007,-0.008846821095230047,0.021558516231293495
4.391304347826087,192.73382725334145,67.38103169723287,-0.08075950514512979,0.0053621962345062595,1.8254906193622125,0.0002012140363380618,14.096363355256564,-0.36839373584004703,-0.008846821095230047,0.021558516231293495
4.413043478260869,192.65814031863195,67.67789503407265,-0.07920169588780647,0.004685836339192579,1.8255998211864122,6.609881028768667e-5,14.088383196013565,-0.3657813369479649,-0.008846821095230047,0.021558516231293495
4.434782608695652,192.58245641893208,67.97458069363232,-0.07766671608690028,0.004022293780660724,1.8256944570003628,-6.592414702366524e-5,14.080459800500913,-0.3631714726478835,-0.008846821095230047,0.021558516231293495
4.4565217391304355,192.5067796213935,68.27109098222667,-0.07615461958309683,0.003371873991332224,1.8257748049006164,-0.00019485483559599398,14.072593113618787,-0.3605641429398029,-0.008846821095230047,0.021558516231293495
4.478260869565218,192.43111386697387,68.56742817374513,-0.0746657717784924,0.0027347670586206326,1.8258411571476933,-0.0003206932554292852,14.064783080267357,-0.3579593478237233,-0.008846821095230047,0.021558516231293495
